index,drama_title,drama_directors,drama_casts,drama_rate, drama_url,drama_country,drama_language_list,drama_time
1,五月天人生无限公司,陈奕仁,"温尚翊,石锦航,蔡升晏,刘冠佑,陈信宏",8.7,https://movie.douban.com/subject/30310435/, 台湾,,2019
2,二十二,郭柯,"韦绍兰,罗善学",8.7,https://movie.douban.com/subject/26430107/, 中国大陆,,2015
3,四个春天,陆庆屹,"陆运坤,李桂贤",8.9,https://movie.douban.com/subject/27191492/, 中国大陆,,2017
4,人生果实,伏原健之,"津端修一,津端英子,树木希林",9.6,https://movie.douban.com/subject/26874505/, 日本,,2017
5,徒手攀岩,"金国威,伊丽莎白·柴·瓦沙瑞莉","亚历克斯·霍诺尔德,金国威,汤米·考德威尔",9.1,https://movie.douban.com/subject/30167509/, 美国,,2018
6,早餐中国,"王圣志,沈宏非",,7.8,https://movie.douban.com/subject/33393084/, 中国大陆, 汉语普通话,2019
7,人生一串 第一季,张岳明,,9.0,https://movie.douban.com/subject/27040844/, 中国大陆, 汉语普通话,2018
8,阿波罗11号,托德·道格拉斯·米勒,"巴兹·奥德林,琼·安·阿彻,珍妮特·阿姆斯特朗,尼尔·阿姆斯特朗,约翰尼·卡森",8.8,https://movie.douban.com/subject/30390701/, 美国,,2019
9,张艺谋和他的“影”,汪鹏,"张艺谋,赵小丁,陈敏正,马光荣,谷轩昭",7.1,https://movie.douban.com/subject/30255138/, 中国大陆,,2018
10,我在故宫修文物,"叶君,萧寒","王津,亓昊楠,屈峰,王五胜,王有亮",9.4,https://movie.douban.com/subject/26703457/, 中国大陆, 汉语普通话,2016
11,尺八·一声一世,聿馨,"佐藤康夫,小凑昭尚,蔡鸿文,徐浩鹏,海山",,https://movie.douban.com/subject/27185648/, 中国大陆,,2019
12,风味人间,"陈晓卿,陈磊","李立宏,陈晓卿,扶霞·邓洛普",9.1,https://movie.douban.com/subject/30156039/, 中国大陆, 汉语普通话,2018
13,我们诞生在中国,陆川,"周迅,约翰·卡拉辛斯基,Jo Frost",8.0,https://movie.douban.com/subject/26376454/, 美国 / 英国 / 中国大陆,,2016
14,街头绝味 第一季,,,7.6,https://movie.douban.com/subject/33394370/, 美国, 英语,2019
15,脸庞，村庄,"阿涅斯·瓦尔达,JR","阿涅斯·瓦尔达,JR,让-吕克·戈达尔",9.1,https://movie.douban.com/subject/26764928/, 法国,,2017
16,地球之盐,"维姆·文德斯,朱利安·诺里贝罗·萨尔加多","塞巴斯蒂昂·萨尔加多,维姆·文德斯,朱利安·诺里贝罗·萨尔加多",9.2,https://movie.douban.com/subject/10741871/, 法国 / 意大利 / 巴西,,2014
17,舌尖上的中国 第一季,"陈晓卿,任长箴,程工",李立宏,9.4,https://movie.douban.com/subject/10606004/, 中国大陆, 汉语普通话,2012
18,我们的星球,艾雷斯泰·法瑟吉尔,戴维·阿滕伯勒,9.8,https://movie.douban.com/subject/30374707/, 美国 / 英国, 英语,2019
19,我在故宫修文物,萧寒,"王津,亓昊楠,屈峰,王五胜,王有亮",7.6,https://movie.douban.com/subject/26910059/, 中国大陆,,2016
20,人间世 第二季,"秦博,范士广,谢抒豪",,9.6,https://movie.douban.com/subject/27199784/, 中国大陆, 汉语普通话,2019
21,二十二,郭柯,"韦绍兰,罗善学",8.7,https://movie.douban.com/subject/26430107/, 中国大陆,,2015
22,四个春天,陆庆屹,"陆运坤,李桂贤",8.9,https://movie.douban.com/subject/27191492/, 中国大陆,,2017
23,人生果实,伏原健之,"津端修一,津端英子,树木希林",9.6,https://movie.douban.com/subject/26874505/, 日本,,2017
24,徒手攀岩,"金国威,伊丽莎白·柴·瓦沙瑞莉","亚历克斯·霍诺尔德,金国威,汤米·考德威尔",9.1,https://movie.douban.com/subject/30167509/, 美国,,2018
25,早餐中国,"王圣志,沈宏非",,7.8,https://movie.douban.com/subject/33393084/, 中国大陆, 汉语普通话,2019
26,人生一串 第一季,张岳明,,9.0,https://movie.douban.com/subject/27040844/, 中国大陆, 汉语普通话,2018
27,阿波罗11号,托德·道格拉斯·米勒,"巴兹·奥德林,琼·安·阿彻,珍妮特·阿姆斯特朗,尼尔·阿姆斯特朗,约翰尼·卡森",8.8,https://movie.douban.com/subject/30390701/, 美国,,2019
28,张艺谋和他的“影”,汪鹏,"张艺谋,赵小丁,陈敏正,马光荣,谷轩昭",7.1,https://movie.douban.com/subject/30255138/, 中国大陆,,2018
29,我在故宫修文物,"叶君,萧寒","王津,亓昊楠,屈峰,王五胜,王有亮",9.4,https://movie.douban.com/subject/26703457/, 中国大陆, 汉语普通话,2016
30,尺八·一声一世,聿馨,"佐藤康夫,小凑昭尚,蔡鸿文,徐浩鹏,海山",,https://movie.douban.com/subject/27185648/, 中国大陆,,2019
31,风味人间,"陈晓卿,陈磊","李立宏,陈晓卿,扶霞·邓洛普",9.1,https://movie.douban.com/subject/30156039/, 中国大陆, 汉语普通话,2018
32,我们诞生在中国,陆川,"周迅,约翰·卡拉辛斯基,Jo Frost",8.0,https://movie.douban.com/subject/26376454/, 美国 / 英国 / 中国大陆,,2016
33,街头绝味 第一季,,,7.6,https://movie.douban.com/subject/33394370/, 美国, 英语,2019
34,脸庞，村庄,"阿涅斯·瓦尔达,JR","阿涅斯·瓦尔达,JR,让-吕克·戈达尔",9.1,https://movie.douban.com/subject/26764928/, 法国,,2017
35,地球之盐,"维姆·文德斯,朱利安·诺里贝罗·萨尔加多","塞巴斯蒂昂·萨尔加多,维姆·文德斯,朱利安·诺里贝罗·萨尔加多",9.2,https://movie.douban.com/subject/10741871/, 法国 / 意大利 / 巴西,,2014
36,舌尖上的中国 第一季,"陈晓卿,任长箴,程工",李立宏,9.4,https://movie.douban.com/subject/10606004/, 中国大陆, 汉语普通话,2012
37,我们的星球,艾雷斯泰·法瑟吉尔,戴维·阿滕伯勒,9.8,https://movie.douban.com/subject/30374707/, 美国 / 英国, 英语,2019
38,我在故宫修文物,萧寒,"王津,亓昊楠,屈峰,王五胜,王有亮",7.6,https://movie.douban.com/subject/26910059/, 中国大陆,,2016
39,人间世 第二季,"秦博,范士广,谢抒豪",,9.6,https://movie.douban.com/subject/27199784/, 中国大陆, 汉语普通话,2019
40,海昏侯,"张力,金蓓","娄硕,马昆,魏至强,王明,吴宁",8.7,https://movie.douban.com/subject/33377603/, 中国大陆, 汉语普通话,2019
41,四个春天,陆庆屹,"陆运坤,李桂贤",8.9,https://movie.douban.com/subject/27191492/, 中国大陆,,2017
42,人生果实,伏原健之,"津端修一,津端英子,树木希林",9.6,https://movie.douban.com/subject/26874505/, 日本,,2017
43,徒手攀岩,"金国威,伊丽莎白·柴·瓦沙瑞莉","亚历克斯·霍诺尔德,金国威,汤米·考德威尔",9.1,https://movie.douban.com/subject/30167509/, 美国,,2018
44,早餐中国,"王圣志,沈宏非",,7.8,https://movie.douban.com/subject/33393084/, 中国大陆, 汉语普通话,2019
45,人生一串 第一季,张岳明,,9.0,https://movie.douban.com/subject/27040844/, 中国大陆, 汉语普通话,2018
46,阿波罗11号,托德·道格拉斯·米勒,"巴兹·奥德林,琼·安·阿彻,珍妮特·阿姆斯特朗,尼尔·阿姆斯特朗,约翰尼·卡森",8.8,https://movie.douban.com/subject/30390701/, 美国,,2019
47,张艺谋和他的“影”,汪鹏,"张艺谋,赵小丁,陈敏正,马光荣,谷轩昭",7.1,https://movie.douban.com/subject/30255138/, 中国大陆,,2018
48,我在故宫修文物,"叶君,萧寒","王津,亓昊楠,屈峰,王五胜,王有亮",9.4,https://movie.douban.com/subject/26703457/, 中国大陆, 汉语普通话,2016
49,尺八·一声一世,聿馨,"佐藤康夫,小凑昭尚,蔡鸿文,徐浩鹏,海山",,https://movie.douban.com/subject/27185648/, 中国大陆,,2019
50,风味人间,"陈晓卿,陈磊","李立宏,陈晓卿,扶霞·邓洛普",9.1,https://movie.douban.com/subject/30156039/, 中国大陆, 汉语普通话,2018
51,我们诞生在中国,陆川,"周迅,约翰·卡拉辛斯基,Jo Frost",8.0,https://movie.douban.com/subject/26376454/, 美国 / 英国 / 中国大陆,,2016
52,街头绝味 第一季,,,7.6,https://movie.douban.com/subject/33394370/, 美国, 英语,2019
53,脸庞，村庄,"阿涅斯·瓦尔达,JR","阿涅斯·瓦尔达,JR,让-吕克·戈达尔",9.1,https://movie.douban.com/subject/26764928/, 法国,,2017
54,地球之盐,"维姆·文德斯,朱利安·诺里贝罗·萨尔加多","塞巴斯蒂昂·萨尔加多,维姆·文德斯,朱利安·诺里贝罗·萨尔加多",9.2,https://movie.douban.com/subject/10741871/, 法国 / 意大利 / 巴西,,2014
55,舌尖上的中国 第一季,"陈晓卿,任长箴,程工",李立宏,9.4,https://movie.douban.com/subject/10606004/, 中国大陆, 汉语普通话,2012
56,我们的星球,艾雷斯泰·法瑟吉尔,戴维·阿滕伯勒,9.8,https://movie.douban.com/subject/30374707/, 美国 / 英国, 英语,2019
57,我在故宫修文物,萧寒,"王津,亓昊楠,屈峰,王五胜,王有亮",7.6,https://movie.douban.com/subject/26910059/, 中国大陆,,2016
58,人间世 第二季,"秦博,范士广,谢抒豪",,9.6,https://movie.douban.com/subject/27199784/, 中国大陆, 汉语普通话,2019
59,海昏侯,"张力,金蓓","娄硕,马昆,魏至强,王明,吴宁",8.7,https://movie.douban.com/subject/33377603/, 中国大陆, 汉语普通话,2019
60,港珠澳大桥,闫东,,,https://movie.douban.com/subject/30230160/, 中国大陆 / 香港 / 澳门,,2019
61,人生果实,伏原健之,"津端修一,津端英子,树木希林",9.6,https://movie.douban.com/subject/26874505/, 日本,,2017
62,徒手攀岩,"金国威,伊丽莎白·柴·瓦沙瑞莉","亚历克斯·霍诺尔德,金国威,汤米·考德威尔",9.1,https://movie.douban.com/subject/30167509/, 美国,,2018
63,早餐中国,"王圣志,沈宏非",,7.8,https://movie.douban.com/subject/33393084/, 中国大陆, 汉语普通话,2019
64,人生一串 第一季,张岳明,,9.0,https://movie.douban.com/subject/27040844/, 中国大陆, 汉语普通话,2018
65,阿波罗11号,托德·道格拉斯·米勒,"巴兹·奥德林,琼·安·阿彻,珍妮特·阿姆斯特朗,尼尔·阿姆斯特朗,约翰尼·卡森",8.8,https://movie.douban.com/subject/30390701/, 美国,,2019
66,张艺谋和他的“影”,汪鹏,"张艺谋,赵小丁,陈敏正,马光荣,谷轩昭",7.1,https://movie.douban.com/subject/30255138/, 中国大陆,,2018
67,我在故宫修文物,"叶君,萧寒","王津,亓昊楠,屈峰,王五胜,王有亮",9.4,https://movie.douban.com/subject/26703457/, 中国大陆, 汉语普通话,2016
68,尺八·一声一世,聿馨,"佐藤康夫,小凑昭尚,蔡鸿文,徐浩鹏,海山",,https://movie.douban.com/subject/27185648/, 中国大陆,,2019
69,风味人间,"陈晓卿,陈磊","李立宏,陈晓卿,扶霞·邓洛普",9.1,https://movie.douban.com/subject/30156039/, 中国大陆, 汉语普通话,2018
70,我们诞生在中国,陆川,"周迅,约翰·卡拉辛斯基,Jo Frost",8.0,https://movie.douban.com/subject/26376454/, 美国 / 英国 / 中国大陆,,2016
71,街头绝味 第一季,,,7.6,https://movie.douban.com/subject/33394370/, 美国, 英语,2019
72,脸庞，村庄,"阿涅斯·瓦尔达,JR","阿涅斯·瓦尔达,JR,让-吕克·戈达尔",9.1,https://movie.douban.com/subject/26764928/, 法国,,2017
73,地球之盐,"维姆·文德斯,朱利安·诺里贝罗·萨尔加多","塞巴斯蒂昂·萨尔加多,维姆·文德斯,朱利安·诺里贝罗·萨尔加多",9.2,https://movie.douban.com/subject/10741871/, 法国 / 意大利 / 巴西,,2014
74,舌尖上的中国 第一季,"陈晓卿,任长箴,程工",李立宏,9.4,https://movie.douban.com/subject/10606004/, 中国大陆, 汉语普通话,2012
75,我们的星球,艾雷斯泰·法瑟吉尔,戴维·阿滕伯勒,9.8,https://movie.douban.com/subject/30374707/, 美国 / 英国, 英语,2019
76,我在故宫修文物,萧寒,"王津,亓昊楠,屈峰,王五胜,王有亮",7.6,https://movie.douban.com/subject/26910059/, 中国大陆,,2016
77,人间世 第二季,"秦博,范士广,谢抒豪",,9.6,https://movie.douban.com/subject/27199784/, 中国大陆, 汉语普通话,2019
78,海昏侯,"张力,金蓓","娄硕,马昆,魏至强,王明,吴宁",8.7,https://movie.douban.com/subject/33377603/, 中国大陆, 汉语普通话,2019
79,港珠澳大桥,闫东,,,https://movie.douban.com/subject/30230160/, 中国大陆 / 香港 / 澳门,,2019
80,寿司之神,大卫·贾柏,"小野二郎 ,小野祯一",8.7,https://movie.douban.com/subject/6146955/, 美国,,2011
81,徒手攀岩,"金国威,伊丽莎白·柴·瓦沙瑞莉","亚历克斯·霍诺尔德,金国威,汤米·考德威尔",9.1,https://movie.douban.com/subject/30167509/, 美国,,2018
82,早餐中国,"王圣志,沈宏非",,7.8,https://movie.douban.com/subject/33393084/, 中国大陆, 汉语普通话,2019
83,人生一串 第一季,张岳明,,9.0,https://movie.douban.com/subject/27040844/, 中国大陆, 汉语普通话,2018
84,阿波罗11号,托德·道格拉斯·米勒,"巴兹·奥德林,琼·安·阿彻,珍妮特·阿姆斯特朗,尼尔·阿姆斯特朗,约翰尼·卡森",8.8,https://movie.douban.com/subject/30390701/, 美国,,2019
85,张艺谋和他的“影”,汪鹏,"张艺谋,赵小丁,陈敏正,马光荣,谷轩昭",7.1,https://movie.douban.com/subject/30255138/, 中国大陆,,2018
86,我在故宫修文物,"叶君,萧寒","王津,亓昊楠,屈峰,王五胜,王有亮",9.4,https://movie.douban.com/subject/26703457/, 中国大陆, 汉语普通话,2016
87,尺八·一声一世,聿馨,"佐藤康夫,小凑昭尚,蔡鸿文,徐浩鹏,海山",,https://movie.douban.com/subject/27185648/, 中国大陆,,2019
88,风味人间,"陈晓卿,陈磊","李立宏,陈晓卿,扶霞·邓洛普",9.1,https://movie.douban.com/subject/30156039/, 中国大陆, 汉语普通话,2018
89,我们诞生在中国,陆川,"周迅,约翰·卡拉辛斯基,Jo Frost",8.0,https://movie.douban.com/subject/26376454/, 美国 / 英国 / 中国大陆,,2016
90,街头绝味 第一季,,,7.6,https://movie.douban.com/subject/33394370/, 美国, 英语,2019
91,脸庞，村庄,"阿涅斯·瓦尔达,JR","阿涅斯·瓦尔达,JR,让-吕克·戈达尔",9.1,https://movie.douban.com/subject/26764928/, 法国,,2017
92,地球之盐,"维姆·文德斯,朱利安·诺里贝罗·萨尔加多","塞巴斯蒂昂·萨尔加多,维姆·文德斯,朱利安·诺里贝罗·萨尔加多",9.2,https://movie.douban.com/subject/10741871/, 法国 / 意大利 / 巴西,,2014
93,舌尖上的中国 第一季,"陈晓卿,任长箴,程工",李立宏,9.4,https://movie.douban.com/subject/10606004/, 中国大陆, 汉语普通话,2012
94,我们的星球,艾雷斯泰·法瑟吉尔,戴维·阿滕伯勒,9.8,https://movie.douban.com/subject/30374707/, 美国 / 英国, 英语,2019
95,我在故宫修文物,萧寒,"王津,亓昊楠,屈峰,王五胜,王有亮",7.6,https://movie.douban.com/subject/26910059/, 中国大陆,,2016
96,人间世 第二季,"秦博,范士广,谢抒豪",,9.6,https://movie.douban.com/subject/27199784/, 中国大陆, 汉语普通话,2019
97,海昏侯,"张力,金蓓","娄硕,马昆,魏至强,王明,吴宁",8.7,https://movie.douban.com/subject/33377603/, 中国大陆, 汉语普通话,2019
98,港珠澳大桥,闫东,,,https://movie.douban.com/subject/30230160/, 中国大陆 / 香港 / 澳门,,2019
99,寿司之神,大卫·贾柏,"小野二郎 ,小野祯一",8.7,https://movie.douban.com/subject/6146955/, 美国,,2011
100,日本之耻,埃里卡·詹金,"伊藤诗织,安倍晋三",9.1,https://movie.douban.com/subject/30263943/, 英国,,2018
101,早餐中国,"王圣志,沈宏非",,7.8,https://movie.douban.com/subject/33393084/, 中国大陆, 汉语普通话,2019
102,人生一串 第一季,张岳明,,9.0,https://movie.douban.com/subject/27040844/, 中国大陆, 汉语普通话,2018
103,阿波罗11号,托德·道格拉斯·米勒,"巴兹·奥德林,琼·安·阿彻,珍妮特·阿姆斯特朗,尼尔·阿姆斯特朗,约翰尼·卡森",8.8,https://movie.douban.com/subject/30390701/, 美国,,2019
104,张艺谋和他的“影”,汪鹏,"张艺谋,赵小丁,陈敏正,马光荣,谷轩昭",7.1,https://movie.douban.com/subject/30255138/, 中国大陆,,2018
105,我在故宫修文物,"叶君,萧寒","王津,亓昊楠,屈峰,王五胜,王有亮",9.4,https://movie.douban.com/subject/26703457/, 中国大陆, 汉语普通话,2016
106,尺八·一声一世,聿馨,"佐藤康夫,小凑昭尚,蔡鸿文,徐浩鹏,海山",,https://movie.douban.com/subject/27185648/, 中国大陆,,2019
107,风味人间,"陈晓卿,陈磊","李立宏,陈晓卿,扶霞·邓洛普",9.1,https://movie.douban.com/subject/30156039/, 中国大陆, 汉语普通话,2018
108,我们诞生在中国,陆川,"周迅,约翰·卡拉辛斯基,Jo Frost",8.0,https://movie.douban.com/subject/26376454/, 美国 / 英国 / 中国大陆,,2016
109,街头绝味 第一季,,,7.6,https://movie.douban.com/subject/33394370/, 美国, 英语,2019
110,脸庞，村庄,"阿涅斯·瓦尔达,JR","阿涅斯·瓦尔达,JR,让-吕克·戈达尔",9.1,https://movie.douban.com/subject/26764928/, 法国,,2017
111,地球之盐,"维姆·文德斯,朱利安·诺里贝罗·萨尔加多","塞巴斯蒂昂·萨尔加多,维姆·文德斯,朱利安·诺里贝罗·萨尔加多",9.2,https://movie.douban.com/subject/10741871/, 法国 / 意大利 / 巴西,,2014
112,舌尖上的中国 第一季,"陈晓卿,任长箴,程工",李立宏,9.4,https://movie.douban.com/subject/10606004/, 中国大陆, 汉语普通话,2012
113,我们的星球,艾雷斯泰·法瑟吉尔,戴维·阿滕伯勒,9.8,https://movie.douban.com/subject/30374707/, 美国 / 英国, 英语,2019
114,我在故宫修文物,萧寒,"王津,亓昊楠,屈峰,王五胜,王有亮",7.6,https://movie.douban.com/subject/26910059/, 中国大陆,,2016
115,人间世 第二季,"秦博,范士广,谢抒豪",,9.6,https://movie.douban.com/subject/27199784/, 中国大陆, 汉语普通话,2019
116,海昏侯,"张力,金蓓","娄硕,马昆,魏至强,王明,吴宁",8.7,https://movie.douban.com/subject/33377603/, 中国大陆, 汉语普通话,2019
117,港珠澳大桥,闫东,,,https://movie.douban.com/subject/30230160/, 中国大陆 / 香港 / 澳门,,2019
118,寿司之神,大卫·贾柏,"小野二郎 ,小野祯一",8.7,https://movie.douban.com/subject/6146955/, 美国,,2011
119,日本之耻,埃里卡·詹金,"伊藤诗织,安倍晋三",9.1,https://movie.douban.com/subject/30263943/, 英国,,2018
120,重返·狼群,亦风,李微漪,8.3,https://movie.douban.com/subject/26920269/, 中国大陆,,2017
121,人生一串 第一季,张岳明,,9.0,https://movie.douban.com/subject/27040844/, 中国大陆, 汉语普通话,2018
122,阿波罗11号,托德·道格拉斯·米勒,"巴兹·奥德林,琼·安·阿彻,珍妮特·阿姆斯特朗,尼尔·阿姆斯特朗,约翰尼·卡森",8.8,https://movie.douban.com/subject/30390701/, 美国,,2019
123,张艺谋和他的“影”,汪鹏,"张艺谋,赵小丁,陈敏正,马光荣,谷轩昭",7.1,https://movie.douban.com/subject/30255138/, 中国大陆,,2018
124,我在故宫修文物,"叶君,萧寒","王津,亓昊楠,屈峰,王五胜,王有亮",9.4,https://movie.douban.com/subject/26703457/, 中国大陆, 汉语普通话,2016
125,尺八·一声一世,聿馨,"佐藤康夫,小凑昭尚,蔡鸿文,徐浩鹏,海山",,https://movie.douban.com/subject/27185648/, 中国大陆,,2019
126,风味人间,"陈晓卿,陈磊","李立宏,陈晓卿,扶霞·邓洛普",9.1,https://movie.douban.com/subject/30156039/, 中国大陆, 汉语普通话,2018
127,我们诞生在中国,陆川,"周迅,约翰·卡拉辛斯基,Jo Frost",8.0,https://movie.douban.com/subject/26376454/, 美国 / 英国 / 中国大陆,,2016
128,街头绝味 第一季,,,7.6,https://movie.douban.com/subject/33394370/, 美国, 英语,2019
129,脸庞，村庄,"阿涅斯·瓦尔达,JR","阿涅斯·瓦尔达,JR,让-吕克·戈达尔",9.1,https://movie.douban.com/subject/26764928/, 法国,,2017
130,地球之盐,"维姆·文德斯,朱利安·诺里贝罗·萨尔加多","塞巴斯蒂昂·萨尔加多,维姆·文德斯,朱利安·诺里贝罗·萨尔加多",9.2,https://movie.douban.com/subject/10741871/, 法国 / 意大利 / 巴西,,2014
131,舌尖上的中国 第一季,"陈晓卿,任长箴,程工",李立宏,9.4,https://movie.douban.com/subject/10606004/, 中国大陆, 汉语普通话,2012
132,我们的星球,艾雷斯泰·法瑟吉尔,戴维·阿滕伯勒,9.8,https://movie.douban.com/subject/30374707/, 美国 / 英国, 英语,2019
133,我在故宫修文物,萧寒,"王津,亓昊楠,屈峰,王五胜,王有亮",7.6,https://movie.douban.com/subject/26910059/, 中国大陆,,2016
134,人间世 第二季,"秦博,范士广,谢抒豪",,9.6,https://movie.douban.com/subject/27199784/, 中国大陆, 汉语普通话,2019
135,海昏侯,"张力,金蓓","娄硕,马昆,魏至强,王明,吴宁",8.7,https://movie.douban.com/subject/33377603/, 中国大陆, 汉语普通话,2019
136,港珠澳大桥,闫东,,,https://movie.douban.com/subject/30230160/, 中国大陆 / 香港 / 澳门,,2019
137,寿司之神,大卫·贾柏,"小野二郎 ,小野祯一",8.7,https://movie.douban.com/subject/6146955/, 美国,,2011
138,日本之耻,埃里卡·詹金,"伊藤诗织,安倍晋三",9.1,https://movie.douban.com/subject/30263943/, 英国,,2018
139,重返·狼群,亦风,李微漪,8.3,https://movie.douban.com/subject/26920269/, 中国大陆,,2017
140,人间世 第一季,周全,,9.6,https://movie.douban.com/subject/26815163/, 中国大陆, 汉语普通话,2016
141,阿波罗11号,托德·道格拉斯·米勒,"巴兹·奥德林,琼·安·阿彻,珍妮特·阿姆斯特朗,尼尔·阿姆斯特朗,约翰尼·卡森",8.8,https://movie.douban.com/subject/30390701/, 美国,,2019
142,张艺谋和他的“影”,汪鹏,"张艺谋,赵小丁,陈敏正,马光荣,谷轩昭",7.1,https://movie.douban.com/subject/30255138/, 中国大陆,,2018
143,我在故宫修文物,"叶君,萧寒","王津,亓昊楠,屈峰,王五胜,王有亮",9.4,https://movie.douban.com/subject/26703457/, 中国大陆, 汉语普通话,2016
144,尺八·一声一世,聿馨,"佐藤康夫,小凑昭尚,蔡鸿文,徐浩鹏,海山",,https://movie.douban.com/subject/27185648/, 中国大陆,,2019
145,风味人间,"陈晓卿,陈磊","李立宏,陈晓卿,扶霞·邓洛普",9.1,https://movie.douban.com/subject/30156039/, 中国大陆, 汉语普通话,2018
146,我们诞生在中国,陆川,"周迅,约翰·卡拉辛斯基,Jo Frost",8.0,https://movie.douban.com/subject/26376454/, 美国 / 英国 / 中国大陆,,2016
147,街头绝味 第一季,,,7.6,https://movie.douban.com/subject/33394370/, 美国, 英语,2019
148,脸庞，村庄,"阿涅斯·瓦尔达,JR","阿涅斯·瓦尔达,JR,让-吕克·戈达尔",9.1,https://movie.douban.com/subject/26764928/, 法国,,2017
149,地球之盐,"维姆·文德斯,朱利安·诺里贝罗·萨尔加多","塞巴斯蒂昂·萨尔加多,维姆·文德斯,朱利安·诺里贝罗·萨尔加多",9.2,https://movie.douban.com/subject/10741871/, 法国 / 意大利 / 巴西,,2014
150,舌尖上的中国 第一季,"陈晓卿,任长箴,程工",李立宏,9.4,https://movie.douban.com/subject/10606004/, 中国大陆, 汉语普通话,2012
151,我们的星球,艾雷斯泰·法瑟吉尔,戴维·阿滕伯勒,9.8,https://movie.douban.com/subject/30374707/, 美国 / 英国, 英语,2019
152,我在故宫修文物,萧寒,"王津,亓昊楠,屈峰,王五胜,王有亮",7.6,https://movie.douban.com/subject/26910059/, 中国大陆,,2016
153,人间世 第二季,"秦博,范士广,谢抒豪",,9.6,https://movie.douban.com/subject/27199784/, 中国大陆, 汉语普通话,2019
154,海昏侯,"张力,金蓓","娄硕,马昆,魏至强,王明,吴宁",8.7,https://movie.douban.com/subject/33377603/, 中国大陆, 汉语普通话,2019
155,港珠澳大桥,闫东,,,https://movie.douban.com/subject/30230160/, 中国大陆 / 香港 / 澳门,,2019
156,寿司之神,大卫·贾柏,"小野二郎 ,小野祯一",8.7,https://movie.douban.com/subject/6146955/, 美国,,2011
157,日本之耻,埃里卡·詹金,"伊藤诗织,安倍晋三",9.1,https://movie.douban.com/subject/30263943/, 英国,,2018
158,重返·狼群,亦风,李微漪,8.3,https://movie.douban.com/subject/26920269/, 中国大陆,,2017
159,人间世 第一季,周全,,9.6,https://movie.douban.com/subject/26815163/, 中国大陆, 汉语普通话,2016
160,航拍中国 第二季,"郭滢,樊志远,桂平,田荣,李德刚,詹先玲,王雅丽,韩金娜,何伟,杨光伟",李龙滨,8.3,https://movie.douban.com/subject/26995507/, 中国大陆, 汉语普通话,2019
161,张艺谋和他的“影”,汪鹏,"张艺谋,赵小丁,陈敏正,马光荣,谷轩昭",7.1,https://movie.douban.com/subject/30255138/, 中国大陆,,2018
162,我在故宫修文物,"叶君,萧寒","王津,亓昊楠,屈峰,王五胜,王有亮",9.4,https://movie.douban.com/subject/26703457/, 中国大陆, 汉语普通话,2016
163,尺八·一声一世,聿馨,"佐藤康夫,小凑昭尚,蔡鸿文,徐浩鹏,海山",,https://movie.douban.com/subject/27185648/, 中国大陆,,2019
164,风味人间,"陈晓卿,陈磊","李立宏,陈晓卿,扶霞·邓洛普",9.1,https://movie.douban.com/subject/30156039/, 中国大陆, 汉语普通话,2018
165,我们诞生在中国,陆川,"周迅,约翰·卡拉辛斯基,Jo Frost",8.0,https://movie.douban.com/subject/26376454/, 美国 / 英国 / 中国大陆,,2016
166,街头绝味 第一季,,,7.6,https://movie.douban.com/subject/33394370/, 美国, 英语,2019
167,脸庞，村庄,"阿涅斯·瓦尔达,JR","阿涅斯·瓦尔达,JR,让-吕克·戈达尔",9.1,https://movie.douban.com/subject/26764928/, 法国,,2017
168,地球之盐,"维姆·文德斯,朱利安·诺里贝罗·萨尔加多","塞巴斯蒂昂·萨尔加多,维姆·文德斯,朱利安·诺里贝罗·萨尔加多",9.2,https://movie.douban.com/subject/10741871/, 法国 / 意大利 / 巴西,,2014
169,舌尖上的中国 第一季,"陈晓卿,任长箴,程工",李立宏,9.4,https://movie.douban.com/subject/10606004/, 中国大陆, 汉语普通话,2012
170,我们的星球,艾雷斯泰·法瑟吉尔,戴维·阿滕伯勒,9.8,https://movie.douban.com/subject/30374707/, 美国 / 英国, 英语,2019
171,我在故宫修文物,萧寒,"王津,亓昊楠,屈峰,王五胜,王有亮",7.6,https://movie.douban.com/subject/26910059/, 中国大陆,,2016
172,人间世 第二季,"秦博,范士广,谢抒豪",,9.6,https://movie.douban.com/subject/27199784/, 中国大陆, 汉语普通话,2019
173,海昏侯,"张力,金蓓","娄硕,马昆,魏至强,王明,吴宁",8.7,https://movie.douban.com/subject/33377603/, 中国大陆, 汉语普通话,2019
174,港珠澳大桥,闫东,,,https://movie.douban.com/subject/30230160/, 中国大陆 / 香港 / 澳门,,2019
175,寿司之神,大卫·贾柏,"小野二郎 ,小野祯一",8.7,https://movie.douban.com/subject/6146955/, 美国,,2011
176,日本之耻,埃里卡·詹金,"伊藤诗织,安倍晋三",9.1,https://movie.douban.com/subject/30263943/, 英国,,2018
177,重返·狼群,亦风,李微漪,8.3,https://movie.douban.com/subject/26920269/, 中国大陆,,2017
178,人间世 第一季,周全,,9.6,https://movie.douban.com/subject/26815163/, 中国大陆, 汉语普通话,2016
179,航拍中国 第二季,"郭滢,樊志远,桂平,田荣,李德刚,詹先玲,王雅丽,韩金娜,何伟,杨光伟",李龙滨,8.3,https://movie.douban.com/subject/26995507/, 中国大陆, 汉语普通话,2019
180,燃点,"关琇,萧屺楠","罗永浩,戴威,张颖,Papi酱,傅盛",6.3,https://movie.douban.com/subject/27663881/, 中国大陆,,2019
181,我在故宫修文物,"叶君,萧寒","王津,亓昊楠,屈峰,王五胜,王有亮",9.4,https://movie.douban.com/subject/26703457/, 中国大陆, 汉语普通话,2016
182,尺八·一声一世,聿馨,"佐藤康夫,小凑昭尚,蔡鸿文,徐浩鹏,海山",,https://movie.douban.com/subject/27185648/, 中国大陆,,2019
183,风味人间,"陈晓卿,陈磊","李立宏,陈晓卿,扶霞·邓洛普",9.1,https://movie.douban.com/subject/30156039/, 中国大陆, 汉语普通话,2018
184,我们诞生在中国,陆川,"周迅,约翰·卡拉辛斯基,Jo Frost",8.0,https://movie.douban.com/subject/26376454/, 美国 / 英国 / 中国大陆,,2016
185,街头绝味 第一季,,,7.6,https://movie.douban.com/subject/33394370/, 美国, 英语,2019
186,脸庞，村庄,"阿涅斯·瓦尔达,JR","阿涅斯·瓦尔达,JR,让-吕克·戈达尔",9.1,https://movie.douban.com/subject/26764928/, 法国,,2017
187,地球之盐,"维姆·文德斯,朱利安·诺里贝罗·萨尔加多","塞巴斯蒂昂·萨尔加多,维姆·文德斯,朱利安·诺里贝罗·萨尔加多",9.2,https://movie.douban.com/subject/10741871/, 法国 / 意大利 / 巴西,,2014
188,舌尖上的中国 第一季,"陈晓卿,任长箴,程工",李立宏,9.4,https://movie.douban.com/subject/10606004/, 中国大陆, 汉语普通话,2012
189,我们的星球,艾雷斯泰·法瑟吉尔,戴维·阿滕伯勒,9.8,https://movie.douban.com/subject/30374707/, 美国 / 英国, 英语,2019
190,我在故宫修文物,萧寒,"王津,亓昊楠,屈峰,王五胜,王有亮",7.6,https://movie.douban.com/subject/26910059/, 中国大陆,,2016
191,人间世 第二季,"秦博,范士广,谢抒豪",,9.6,https://movie.douban.com/subject/27199784/, 中国大陆, 汉语普通话,2019
192,海昏侯,"张力,金蓓","娄硕,马昆,魏至强,王明,吴宁",8.7,https://movie.douban.com/subject/33377603/, 中国大陆, 汉语普通话,2019
193,港珠澳大桥,闫东,,,https://movie.douban.com/subject/30230160/, 中国大陆 / 香港 / 澳门,,2019
194,寿司之神,大卫·贾柏,"小野二郎 ,小野祯一",8.7,https://movie.douban.com/subject/6146955/, 美国,,2011
195,日本之耻,埃里卡·詹金,"伊藤诗织,安倍晋三",9.1,https://movie.douban.com/subject/30263943/, 英国,,2018
196,重返·狼群,亦风,李微漪,8.3,https://movie.douban.com/subject/26920269/, 中国大陆,,2017
197,人间世 第一季,周全,,9.6,https://movie.douban.com/subject/26815163/, 中国大陆, 汉语普通话,2016
198,航拍中国 第二季,"郭滢,樊志远,桂平,田荣,李德刚,詹先玲,王雅丽,韩金娜,何伟,杨光伟",李龙滨,8.3,https://movie.douban.com/subject/26995507/, 中国大陆, 汉语普通话,2019
199,燃点,"关琇,萧屺楠","罗永浩,戴威,张颖,Papi酱,傅盛",6.3,https://movie.douban.com/subject/27663881/, 中国大陆,,2019
200,三十二,郭柯,"韦绍兰,罗善学",9.4,https://movie.douban.com/subject/26236632/, 中国大陆,,2014
201,尺八·一声一世,聿馨,"佐藤康夫,小凑昭尚,蔡鸿文,徐浩鹏,海山",,https://movie.douban.com/subject/27185648/, 中国大陆,,2019
202,风味人间,"陈晓卿,陈磊","李立宏,陈晓卿,扶霞·邓洛普",9.1,https://movie.douban.com/subject/30156039/, 中国大陆, 汉语普通话,2018
203,我们诞生在中国,陆川,"周迅,约翰·卡拉辛斯基,Jo Frost",8.0,https://movie.douban.com/subject/26376454/, 美国 / 英国 / 中国大陆,,2016
204,街头绝味 第一季,,,7.6,https://movie.douban.com/subject/33394370/, 美国, 英语,2019
205,脸庞，村庄,"阿涅斯·瓦尔达,JR","阿涅斯·瓦尔达,JR,让-吕克·戈达尔",9.1,https://movie.douban.com/subject/26764928/, 法国,,2017
206,地球之盐,"维姆·文德斯,朱利安·诺里贝罗·萨尔加多","塞巴斯蒂昂·萨尔加多,维姆·文德斯,朱利安·诺里贝罗·萨尔加多",9.2,https://movie.douban.com/subject/10741871/, 法国 / 意大利 / 巴西,,2014
207,舌尖上的中国 第一季,"陈晓卿,任长箴,程工",李立宏,9.4,https://movie.douban.com/subject/10606004/, 中国大陆, 汉语普通话,2012
208,我们的星球,艾雷斯泰·法瑟吉尔,戴维·阿滕伯勒,9.8,https://movie.douban.com/subject/30374707/, 美国 / 英国, 英语,2019
209,我在故宫修文物,萧寒,"王津,亓昊楠,屈峰,王五胜,王有亮",7.6,https://movie.douban.com/subject/26910059/, 中国大陆,,2016
210,人间世 第二季,"秦博,范士广,谢抒豪",,9.6,https://movie.douban.com/subject/27199784/, 中国大陆, 汉语普通话,2019
211,海昏侯,"张力,金蓓","娄硕,马昆,魏至强,王明,吴宁",8.7,https://movie.douban.com/subject/33377603/, 中国大陆, 汉语普通话,2019
212,港珠澳大桥,闫东,,,https://movie.douban.com/subject/30230160/, 中国大陆 / 香港 / 澳门,,2019
213,寿司之神,大卫·贾柏,"小野二郎 ,小野祯一",8.7,https://movie.douban.com/subject/6146955/, 美国,,2011
214,日本之耻,埃里卡·詹金,"伊藤诗织,安倍晋三",9.1,https://movie.douban.com/subject/30263943/, 英国,,2018
215,重返·狼群,亦风,李微漪,8.3,https://movie.douban.com/subject/26920269/, 中国大陆,,2017
216,人间世 第一季,周全,,9.6,https://movie.douban.com/subject/26815163/, 中国大陆, 汉语普通话,2016
217,航拍中国 第二季,"郭滢,樊志远,桂平,田荣,李德刚,詹先玲,王雅丽,韩金娜,何伟,杨光伟",李龙滨,8.3,https://movie.douban.com/subject/26995507/, 中国大陆, 汉语普通话,2019
218,燃点,"关琇,萧屺楠","罗永浩,戴威,张颖,Papi酱,傅盛",6.3,https://movie.douban.com/subject/27663881/, 中国大陆,,2019
219,三十二,郭柯,"韦绍兰,罗善学",9.4,https://movie.douban.com/subject/26236632/, 中国大陆,,2014
220,河西走廊,赵启辰,"刘川,艾力库",9.6,https://movie.douban.com/subject/24736278/, 中国大陆, 汉语普通话,2015
221,风味人间,"陈晓卿,陈磊","李立宏,陈晓卿,扶霞·邓洛普",9.1,https://movie.douban.com/subject/30156039/, 中国大陆, 汉语普通话,2018
222,我们诞生在中国,陆川,"周迅,约翰·卡拉辛斯基,Jo Frost",8.0,https://movie.douban.com/subject/26376454/, 美国 / 英国 / 中国大陆,,2016
223,街头绝味 第一季,,,7.6,https://movie.douban.com/subject/33394370/, 美国, 英语,2019
224,脸庞，村庄,"阿涅斯·瓦尔达,JR","阿涅斯·瓦尔达,JR,让-吕克·戈达尔",9.1,https://movie.douban.com/subject/26764928/, 法国,,2017
225,地球之盐,"维姆·文德斯,朱利安·诺里贝罗·萨尔加多","塞巴斯蒂昂·萨尔加多,维姆·文德斯,朱利安·诺里贝罗·萨尔加多",9.2,https://movie.douban.com/subject/10741871/, 法国 / 意大利 / 巴西,,2014
226,舌尖上的中国 第一季,"陈晓卿,任长箴,程工",李立宏,9.4,https://movie.douban.com/subject/10606004/, 中国大陆, 汉语普通话,2012
227,我们的星球,艾雷斯泰·法瑟吉尔,戴维·阿滕伯勒,9.8,https://movie.douban.com/subject/30374707/, 美国 / 英国, 英语,2019
228,我在故宫修文物,萧寒,"王津,亓昊楠,屈峰,王五胜,王有亮",7.6,https://movie.douban.com/subject/26910059/, 中国大陆,,2016
229,人间世 第二季,"秦博,范士广,谢抒豪",,9.6,https://movie.douban.com/subject/27199784/, 中国大陆, 汉语普通话,2019
230,海昏侯,"张力,金蓓","娄硕,马昆,魏至强,王明,吴宁",8.7,https://movie.douban.com/subject/33377603/, 中国大陆, 汉语普通话,2019
231,港珠澳大桥,闫东,,,https://movie.douban.com/subject/30230160/, 中国大陆 / 香港 / 澳门,,2019
232,寿司之神,大卫·贾柏,"小野二郎 ,小野祯一",8.7,https://movie.douban.com/subject/6146955/, 美国,,2011
233,日本之耻,埃里卡·詹金,"伊藤诗织,安倍晋三",9.1,https://movie.douban.com/subject/30263943/, 英国,,2018
234,重返·狼群,亦风,李微漪,8.3,https://movie.douban.com/subject/26920269/, 中国大陆,,2017
235,人间世 第一季,周全,,9.6,https://movie.douban.com/subject/26815163/, 中国大陆, 汉语普通话,2016
236,航拍中国 第二季,"郭滢,樊志远,桂平,田荣,李德刚,詹先玲,王雅丽,韩金娜,何伟,杨光伟",李龙滨,8.3,https://movie.douban.com/subject/26995507/, 中国大陆, 汉语普通话,2019
237,燃点,"关琇,萧屺楠","罗永浩,戴威,张颖,Papi酱,傅盛",6.3,https://movie.douban.com/subject/27663881/, 中国大陆,,2019
238,三十二,郭柯,"韦绍兰,罗善学",9.4,https://movie.douban.com/subject/26236632/, 中国大陆,,2014
239,河西走廊,赵启辰,"刘川,艾力库",9.6,https://movie.douban.com/subject/24736278/, 中国大陆, 汉语普通话,2015
240,生门,陈为军,"李家福,夏锦菊,陈小凤,曾宪春",8.8,https://movie.douban.com/subject/26836588/, 中国大陆,,2016
241,我们诞生在中国,陆川,"周迅,约翰·卡拉辛斯基,Jo Frost",8.0,https://movie.douban.com/subject/26376454/, 美国 / 英国 / 中国大陆,,2016
242,街头绝味 第一季,,,7.6,https://movie.douban.com/subject/33394370/, 美国, 英语,2019
243,脸庞，村庄,"阿涅斯·瓦尔达,JR","阿涅斯·瓦尔达,JR,让-吕克·戈达尔",9.1,https://movie.douban.com/subject/26764928/, 法国,,2017
244,地球之盐,"维姆·文德斯,朱利安·诺里贝罗·萨尔加多","塞巴斯蒂昂·萨尔加多,维姆·文德斯,朱利安·诺里贝罗·萨尔加多",9.2,https://movie.douban.com/subject/10741871/, 法国 / 意大利 / 巴西,,2014
245,舌尖上的中国 第一季,"陈晓卿,任长箴,程工",李立宏,9.4,https://movie.douban.com/subject/10606004/, 中国大陆, 汉语普通话,2012
246,我们的星球,艾雷斯泰·法瑟吉尔,戴维·阿滕伯勒,9.8,https://movie.douban.com/subject/30374707/, 美国 / 英国, 英语,2019
247,我在故宫修文物,萧寒,"王津,亓昊楠,屈峰,王五胜,王有亮",7.6,https://movie.douban.com/subject/26910059/, 中国大陆,,2016
248,人间世 第二季,"秦博,范士广,谢抒豪",,9.6,https://movie.douban.com/subject/27199784/, 中国大陆, 汉语普通话,2019
249,海昏侯,"张力,金蓓","娄硕,马昆,魏至强,王明,吴宁",8.7,https://movie.douban.com/subject/33377603/, 中国大陆, 汉语普通话,2019
250,港珠澳大桥,闫东,,,https://movie.douban.com/subject/30230160/, 中国大陆 / 香港 / 澳门,,2019
251,寿司之神,大卫·贾柏,"小野二郎 ,小野祯一",8.7,https://movie.douban.com/subject/6146955/, 美国,,2011
252,日本之耻,埃里卡·詹金,"伊藤诗织,安倍晋三",9.1,https://movie.douban.com/subject/30263943/, 英国,,2018
253,重返·狼群,亦风,李微漪,8.3,https://movie.douban.com/subject/26920269/, 中国大陆,,2017
254,人间世 第一季,周全,,9.6,https://movie.douban.com/subject/26815163/, 中国大陆, 汉语普通话,2016
255,航拍中国 第二季,"郭滢,樊志远,桂平,田荣,李德刚,詹先玲,王雅丽,韩金娜,何伟,杨光伟",李龙滨,8.3,https://movie.douban.com/subject/26995507/, 中国大陆, 汉语普通话,2019
256,燃点,"关琇,萧屺楠","罗永浩,戴威,张颖,Papi酱,傅盛",6.3,https://movie.douban.com/subject/27663881/, 中国大陆,,2019
257,三十二,郭柯,"韦绍兰,罗善学",9.4,https://movie.douban.com/subject/26236632/, 中国大陆,,2014
258,河西走廊,赵启辰,"刘川,艾力库",9.6,https://movie.douban.com/subject/24736278/, 中国大陆, 汉语普通话,2015
259,生门,陈为军,"李家福,夏锦菊,陈小凤,曾宪春",8.8,https://movie.douban.com/subject/26836588/, 中国大陆,,2016
260,浮生一日,"凯文·麦克唐纳,Natalia Andreadis,雷德利·斯科特","Cindy Baer,海伦·乔治",8.8,https://movie.douban.com/subject/5387041/, 美国,,2011
261,街头绝味 第一季,,,7.6,https://movie.douban.com/subject/33394370/, 美国, 英语,2019
262,脸庞，村庄,"阿涅斯·瓦尔达,JR","阿涅斯·瓦尔达,JR,让-吕克·戈达尔",9.1,https://movie.douban.com/subject/26764928/, 法国,,2017
263,地球之盐,"维姆·文德斯,朱利安·诺里贝罗·萨尔加多","塞巴斯蒂昂·萨尔加多,维姆·文德斯,朱利安·诺里贝罗·萨尔加多",9.2,https://movie.douban.com/subject/10741871/, 法国 / 意大利 / 巴西,,2014
264,舌尖上的中国 第一季,"陈晓卿,任长箴,程工",李立宏,9.4,https://movie.douban.com/subject/10606004/, 中国大陆, 汉语普通话,2012
265,我们的星球,艾雷斯泰·法瑟吉尔,戴维·阿滕伯勒,9.8,https://movie.douban.com/subject/30374707/, 美国 / 英国, 英语,2019
266,我在故宫修文物,萧寒,"王津,亓昊楠,屈峰,王五胜,王有亮",7.6,https://movie.douban.com/subject/26910059/, 中国大陆,,2016
267,人间世 第二季,"秦博,范士广,谢抒豪",,9.6,https://movie.douban.com/subject/27199784/, 中国大陆, 汉语普通话,2019
268,海昏侯,"张力,金蓓","娄硕,马昆,魏至强,王明,吴宁",8.7,https://movie.douban.com/subject/33377603/, 中国大陆, 汉语普通话,2019
269,港珠澳大桥,闫东,,,https://movie.douban.com/subject/30230160/, 中国大陆 / 香港 / 澳门,,2019
270,寿司之神,大卫·贾柏,"小野二郎 ,小野祯一",8.7,https://movie.douban.com/subject/6146955/, 美国,,2011
271,日本之耻,埃里卡·詹金,"伊藤诗织,安倍晋三",9.1,https://movie.douban.com/subject/30263943/, 英国,,2018
272,重返·狼群,亦风,李微漪,8.3,https://movie.douban.com/subject/26920269/, 中国大陆,,2017
273,人间世 第一季,周全,,9.6,https://movie.douban.com/subject/26815163/, 中国大陆, 汉语普通话,2016
274,航拍中国 第二季,"郭滢,樊志远,桂平,田荣,李德刚,詹先玲,王雅丽,韩金娜,何伟,杨光伟",李龙滨,8.3,https://movie.douban.com/subject/26995507/, 中国大陆, 汉语普通话,2019
275,燃点,"关琇,萧屺楠","罗永浩,戴威,张颖,Papi酱,傅盛",6.3,https://movie.douban.com/subject/27663881/, 中国大陆,,2019
276,三十二,郭柯,"韦绍兰,罗善学",9.4,https://movie.douban.com/subject/26236632/, 中国大陆,,2014
277,河西走廊,赵启辰,"刘川,艾力库",9.6,https://movie.douban.com/subject/24736278/, 中国大陆, 汉语普通话,2015
278,生门,陈为军,"李家福,夏锦菊,陈小凤,曾宪春",8.8,https://movie.douban.com/subject/26836588/, 中国大陆,,2016
279,浮生一日,"凯文·麦克唐纳,Natalia Andreadis,雷德利·斯科特","Cindy Baer,海伦·乔治",8.8,https://movie.douban.com/subject/5387041/, 美国,,2011
280,坂本龙一：终曲,史蒂芬·野村·斯奇博,坂本龙一,8.9,https://movie.douban.com/subject/26984189/, 日本,,2017
281,脸庞，村庄,"阿涅斯·瓦尔达,JR","阿涅斯·瓦尔达,JR,让-吕克·戈达尔",9.1,https://movie.douban.com/subject/26764928/, 法国,,2017
282,地球之盐,"维姆·文德斯,朱利安·诺里贝罗·萨尔加多","塞巴斯蒂昂·萨尔加多,维姆·文德斯,朱利安·诺里贝罗·萨尔加多",9.2,https://movie.douban.com/subject/10741871/, 法国 / 意大利 / 巴西,,2014
283,舌尖上的中国 第一季,"陈晓卿,任长箴,程工",李立宏,9.4,https://movie.douban.com/subject/10606004/, 中国大陆, 汉语普通话,2012
284,我们的星球,艾雷斯泰·法瑟吉尔,戴维·阿滕伯勒,9.8,https://movie.douban.com/subject/30374707/, 美国 / 英国, 英语,2019
285,我在故宫修文物,萧寒,"王津,亓昊楠,屈峰,王五胜,王有亮",7.6,https://movie.douban.com/subject/26910059/, 中国大陆,,2016
286,人间世 第二季,"秦博,范士广,谢抒豪",,9.6,https://movie.douban.com/subject/27199784/, 中国大陆, 汉语普通话,2019
287,海昏侯,"张力,金蓓","娄硕,马昆,魏至强,王明,吴宁",8.7,https://movie.douban.com/subject/33377603/, 中国大陆, 汉语普通话,2019
288,港珠澳大桥,闫东,,,https://movie.douban.com/subject/30230160/, 中国大陆 / 香港 / 澳门,,2019
289,寿司之神,大卫·贾柏,"小野二郎 ,小野祯一",8.7,https://movie.douban.com/subject/6146955/, 美国,,2011
290,日本之耻,埃里卡·詹金,"伊藤诗织,安倍晋三",9.1,https://movie.douban.com/subject/30263943/, 英国,,2018
291,重返·狼群,亦风,李微漪,8.3,https://movie.douban.com/subject/26920269/, 中国大陆,,2017
292,人间世 第一季,周全,,9.6,https://movie.douban.com/subject/26815163/, 中国大陆, 汉语普通话,2016
293,航拍中国 第二季,"郭滢,樊志远,桂平,田荣,李德刚,詹先玲,王雅丽,韩金娜,何伟,杨光伟",李龙滨,8.3,https://movie.douban.com/subject/26995507/, 中国大陆, 汉语普通话,2019
294,燃点,"关琇,萧屺楠","罗永浩,戴威,张颖,Papi酱,傅盛",6.3,https://movie.douban.com/subject/27663881/, 中国大陆,,2019
295,三十二,郭柯,"韦绍兰,罗善学",9.4,https://movie.douban.com/subject/26236632/, 中国大陆,,2014
296,河西走廊,赵启辰,"刘川,艾力库",9.6,https://movie.douban.com/subject/24736278/, 中国大陆, 汉语普通话,2015
297,生门,陈为军,"李家福,夏锦菊,陈小凤,曾宪春",8.8,https://movie.douban.com/subject/26836588/, 中国大陆,,2016
298,浮生一日,"凯文·麦克唐纳,Natalia Andreadis,雷德利·斯科特","Cindy Baer,海伦·乔治",8.8,https://movie.douban.com/subject/5387041/, 美国,,2011
299,坂本龙一：终曲,史蒂芬·野村·斯奇博,坂本龙一,8.9,https://movie.douban.com/subject/26984189/, 日本,,2017
300,舌尖上的中国 第二季,"陈晓卿,邓洁,费牖明,刘硕,陈硕,陈磊",李立宏,8.5,https://movie.douban.com/subject/20502514/, 中国大陆, 汉语普通话 / 藏语 / 英语,2014
301,地球之盐,"维姆·文德斯,朱利安·诺里贝罗·萨尔加多","塞巴斯蒂昂·萨尔加多,维姆·文德斯,朱利安·诺里贝罗·萨尔加多",9.2,https://movie.douban.com/subject/10741871/, 法国 / 意大利 / 巴西,,2014
302,舌尖上的中国 第一季,"陈晓卿,任长箴,程工",李立宏,9.4,https://movie.douban.com/subject/10606004/, 中国大陆, 汉语普通话,2012
303,我们的星球,艾雷斯泰·法瑟吉尔,戴维·阿滕伯勒,9.8,https://movie.douban.com/subject/30374707/, 美国 / 英国, 英语,2019
304,我在故宫修文物,萧寒,"王津,亓昊楠,屈峰,王五胜,王有亮",7.6,https://movie.douban.com/subject/26910059/, 中国大陆,,2016
305,人间世 第二季,"秦博,范士广,谢抒豪",,9.6,https://movie.douban.com/subject/27199784/, 中国大陆, 汉语普通话,2019
306,海昏侯,"张力,金蓓","娄硕,马昆,魏至强,王明,吴宁",8.7,https://movie.douban.com/subject/33377603/, 中国大陆, 汉语普通话,2019
307,港珠澳大桥,闫东,,,https://movie.douban.com/subject/30230160/, 中国大陆 / 香港 / 澳门,,2019
308,寿司之神,大卫·贾柏,"小野二郎 ,小野祯一",8.7,https://movie.douban.com/subject/6146955/, 美国,,2011
309,日本之耻,埃里卡·詹金,"伊藤诗织,安倍晋三",9.1,https://movie.douban.com/subject/30263943/, 英国,,2018
310,重返·狼群,亦风,李微漪,8.3,https://movie.douban.com/subject/26920269/, 中国大陆,,2017
311,人间世 第一季,周全,,9.6,https://movie.douban.com/subject/26815163/, 中国大陆, 汉语普通话,2016
312,航拍中国 第二季,"郭滢,樊志远,桂平,田荣,李德刚,詹先玲,王雅丽,韩金娜,何伟,杨光伟",李龙滨,8.3,https://movie.douban.com/subject/26995507/, 中国大陆, 汉语普通话,2019
313,燃点,"关琇,萧屺楠","罗永浩,戴威,张颖,Papi酱,傅盛",6.3,https://movie.douban.com/subject/27663881/, 中国大陆,,2019
314,三十二,郭柯,"韦绍兰,罗善学",9.4,https://movie.douban.com/subject/26236632/, 中国大陆,,2014
315,河西走廊,赵启辰,"刘川,艾力库",9.6,https://movie.douban.com/subject/24736278/, 中国大陆, 汉语普通话,2015
316,生门,陈为军,"李家福,夏锦菊,陈小凤,曾宪春",8.8,https://movie.douban.com/subject/26836588/, 中国大陆,,2016
317,浮生一日,"凯文·麦克唐纳,Natalia Andreadis,雷德利·斯科特","Cindy Baer,海伦·乔治",8.8,https://movie.douban.com/subject/5387041/, 美国,,2011
318,坂本龙一：终曲,史蒂芬·野村·斯奇博,坂本龙一,8.9,https://movie.douban.com/subject/26984189/, 日本,,2017
319,舌尖上的中国 第二季,"陈晓卿,邓洁,费牖明,刘硕,陈硕,陈磊",李立宏,8.5,https://movie.douban.com/subject/20502514/, 中国大陆, 汉语普通话 / 藏语 / 英语,2014
320,囚,马莉,,9.2,https://movie.douban.com/subject/26961159/, 中国大陆,,2017
321,舌尖上的中国 第一季,"陈晓卿,任长箴,程工",李立宏,9.4,https://movie.douban.com/subject/10606004/, 中国大陆, 汉语普通话,2012
322,我们的星球,艾雷斯泰·法瑟吉尔,戴维·阿滕伯勒,9.8,https://movie.douban.com/subject/30374707/, 美国 / 英国, 英语,2019
323,我在故宫修文物,萧寒,"王津,亓昊楠,屈峰,王五胜,王有亮",7.6,https://movie.douban.com/subject/26910059/, 中国大陆,,2016
324,人间世 第二季,"秦博,范士广,谢抒豪",,9.6,https://movie.douban.com/subject/27199784/, 中国大陆, 汉语普通话,2019
325,海昏侯,"张力,金蓓","娄硕,马昆,魏至强,王明,吴宁",8.7,https://movie.douban.com/subject/33377603/, 中国大陆, 汉语普通话,2019
326,港珠澳大桥,闫东,,,https://movie.douban.com/subject/30230160/, 中国大陆 / 香港 / 澳门,,2019
327,寿司之神,大卫·贾柏,"小野二郎 ,小野祯一",8.7,https://movie.douban.com/subject/6146955/, 美国,,2011
328,日本之耻,埃里卡·詹金,"伊藤诗织,安倍晋三",9.1,https://movie.douban.com/subject/30263943/, 英国,,2018
329,重返·狼群,亦风,李微漪,8.3,https://movie.douban.com/subject/26920269/, 中国大陆,,2017
330,人间世 第一季,周全,,9.6,https://movie.douban.com/subject/26815163/, 中国大陆, 汉语普通话,2016
331,航拍中国 第二季,"郭滢,樊志远,桂平,田荣,李德刚,詹先玲,王雅丽,韩金娜,何伟,杨光伟",李龙滨,8.3,https://movie.douban.com/subject/26995507/, 中国大陆, 汉语普通话,2019
332,燃点,"关琇,萧屺楠","罗永浩,戴威,张颖,Papi酱,傅盛",6.3,https://movie.douban.com/subject/27663881/, 中国大陆,,2019
333,三十二,郭柯,"韦绍兰,罗善学",9.4,https://movie.douban.com/subject/26236632/, 中国大陆,,2014
334,河西走廊,赵启辰,"刘川,艾力库",9.6,https://movie.douban.com/subject/24736278/, 中国大陆, 汉语普通话,2015
335,生门,陈为军,"李家福,夏锦菊,陈小凤,曾宪春",8.8,https://movie.douban.com/subject/26836588/, 中国大陆,,2016
336,浮生一日,"凯文·麦克唐纳,Natalia Andreadis,雷德利·斯科特","Cindy Baer,海伦·乔治",8.8,https://movie.douban.com/subject/5387041/, 美国,,2011
337,坂本龙一：终曲,史蒂芬·野村·斯奇博,坂本龙一,8.9,https://movie.douban.com/subject/26984189/, 日本,,2017
338,舌尖上的中国 第二季,"陈晓卿,邓洁,费牖明,刘硕,陈硕,陈磊",李立宏,8.5,https://movie.douban.com/subject/20502514/, 中国大陆, 汉语普通话 / 藏语 / 英语,2014
339,囚,马莉,,9.2,https://movie.douban.com/subject/26961159/, 中国大陆,,2017
340,爱猫之城,杰达·托伦,"布朗特·乌斯塔曼,本古,德尼兹,杜曼,无忧",8.4,https://movie.douban.com/subject/26806099/, 土耳其 / 美国,,2016
341,我们的星球,艾雷斯泰·法瑟吉尔,戴维·阿滕伯勒,9.8,https://movie.douban.com/subject/30374707/, 美国 / 英国, 英语,2019
342,我在故宫修文物,萧寒,"王津,亓昊楠,屈峰,王五胜,王有亮",7.6,https://movie.douban.com/subject/26910059/, 中国大陆,,2016
343,人间世 第二季,"秦博,范士广,谢抒豪",,9.6,https://movie.douban.com/subject/27199784/, 中国大陆, 汉语普通话,2019
344,海昏侯,"张力,金蓓","娄硕,马昆,魏至强,王明,吴宁",8.7,https://movie.douban.com/subject/33377603/, 中国大陆, 汉语普通话,2019
345,港珠澳大桥,闫东,,,https://movie.douban.com/subject/30230160/, 中国大陆 / 香港 / 澳门,,2019
346,寿司之神,大卫·贾柏,"小野二郎 ,小野祯一",8.7,https://movie.douban.com/subject/6146955/, 美国,,2011
347,日本之耻,埃里卡·詹金,"伊藤诗织,安倍晋三",9.1,https://movie.douban.com/subject/30263943/, 英国,,2018
348,重返·狼群,亦风,李微漪,8.3,https://movie.douban.com/subject/26920269/, 中国大陆,,2017
349,人间世 第一季,周全,,9.6,https://movie.douban.com/subject/26815163/, 中国大陆, 汉语普通话,2016
350,航拍中国 第二季,"郭滢,樊志远,桂平,田荣,李德刚,詹先玲,王雅丽,韩金娜,何伟,杨光伟",李龙滨,8.3,https://movie.douban.com/subject/26995507/, 中国大陆, 汉语普通话,2019
351,燃点,"关琇,萧屺楠","罗永浩,戴威,张颖,Papi酱,傅盛",6.3,https://movie.douban.com/subject/27663881/, 中国大陆,,2019
352,三十二,郭柯,"韦绍兰,罗善学",9.4,https://movie.douban.com/subject/26236632/, 中国大陆,,2014
353,河西走廊,赵启辰,"刘川,艾力库",9.6,https://movie.douban.com/subject/24736278/, 中国大陆, 汉语普通话,2015
354,生门,陈为军,"李家福,夏锦菊,陈小凤,曾宪春",8.8,https://movie.douban.com/subject/26836588/, 中国大陆,,2016
355,浮生一日,"凯文·麦克唐纳,Natalia Andreadis,雷德利·斯科特","Cindy Baer,海伦·乔治",8.8,https://movie.douban.com/subject/5387041/, 美国,,2011
356,坂本龙一：终曲,史蒂芬·野村·斯奇博,坂本龙一,8.9,https://movie.douban.com/subject/26984189/, 日本,,2017
357,舌尖上的中国 第二季,"陈晓卿,邓洁,费牖明,刘硕,陈硕,陈磊",李立宏,8.5,https://movie.douban.com/subject/20502514/, 中国大陆, 汉语普通话 / 藏语 / 英语,2014
358,囚,马莉,,9.2,https://movie.douban.com/subject/26961159/, 中国大陆,,2017
359,爱猫之城,杰达·托伦,"布朗特·乌斯塔曼,本古,德尼兹,杜曼,无忧",8.4,https://movie.douban.com/subject/26806099/, 土耳其 / 美国,,2016
360,冰血长津湖,"颜品,付勇,刘治寰",,9.2,https://movie.douban.com/subject/6129689/, 中国大陆,,2011
361,我在故宫修文物,萧寒,"王津,亓昊楠,屈峰,王五胜,王有亮",7.6,https://movie.douban.com/subject/26910059/, 中国大陆,,2016
362,人间世 第二季,"秦博,范士广,谢抒豪",,9.6,https://movie.douban.com/subject/27199784/, 中国大陆, 汉语普通话,2019
363,海昏侯,"张力,金蓓","娄硕,马昆,魏至强,王明,吴宁",8.7,https://movie.douban.com/subject/33377603/, 中国大陆, 汉语普通话,2019
364,港珠澳大桥,闫东,,,https://movie.douban.com/subject/30230160/, 中国大陆 / 香港 / 澳门,,2019
365,寿司之神,大卫·贾柏,"小野二郎 ,小野祯一",8.7,https://movie.douban.com/subject/6146955/, 美国,,2011
366,日本之耻,埃里卡·詹金,"伊藤诗织,安倍晋三",9.1,https://movie.douban.com/subject/30263943/, 英国,,2018
367,重返·狼群,亦风,李微漪,8.3,https://movie.douban.com/subject/26920269/, 中国大陆,,2017
368,人间世 第一季,周全,,9.6,https://movie.douban.com/subject/26815163/, 中国大陆, 汉语普通话,2016
369,航拍中国 第二季,"郭滢,樊志远,桂平,田荣,李德刚,詹先玲,王雅丽,韩金娜,何伟,杨光伟",李龙滨,8.3,https://movie.douban.com/subject/26995507/, 中国大陆, 汉语普通话,2019
370,燃点,"关琇,萧屺楠","罗永浩,戴威,张颖,Papi酱,傅盛",6.3,https://movie.douban.com/subject/27663881/, 中国大陆,,2019
371,三十二,郭柯,"韦绍兰,罗善学",9.4,https://movie.douban.com/subject/26236632/, 中国大陆,,2014
372,河西走廊,赵启辰,"刘川,艾力库",9.6,https://movie.douban.com/subject/24736278/, 中国大陆, 汉语普通话,2015
373,生门,陈为军,"李家福,夏锦菊,陈小凤,曾宪春",8.8,https://movie.douban.com/subject/26836588/, 中国大陆,,2016
374,浮生一日,"凯文·麦克唐纳,Natalia Andreadis,雷德利·斯科特","Cindy Baer,海伦·乔治",8.8,https://movie.douban.com/subject/5387041/, 美国,,2011
375,坂本龙一：终曲,史蒂芬·野村·斯奇博,坂本龙一,8.9,https://movie.douban.com/subject/26984189/, 日本,,2017
376,舌尖上的中国 第二季,"陈晓卿,邓洁,费牖明,刘硕,陈硕,陈磊",李立宏,8.5,https://movie.douban.com/subject/20502514/, 中国大陆, 汉语普通话 / 藏语 / 英语,2014
377,囚,马莉,,9.2,https://movie.douban.com/subject/26961159/, 中国大陆,,2017
378,爱猫之城,杰达·托伦,"布朗特·乌斯塔曼,本古,德尼兹,杜曼,无忧",8.4,https://movie.douban.com/subject/26806099/, 土耳其 / 美国,,2016
379,冰血长津湖,"颜品,付勇,刘治寰",,9.2,https://movie.douban.com/subject/6129689/, 中国大陆,,2011
380,舌尖上的新年,"陈磊,邓洁,李勇",李立宏,8.4,https://movie.douban.com/subject/25894885/, 中国大陆,,2016
381,人间世 第二季,"秦博,范士广,谢抒豪",,9.6,https://movie.douban.com/subject/27199784/, 中国大陆, 汉语普通话,2019
382,海昏侯,"张力,金蓓","娄硕,马昆,魏至强,王明,吴宁",8.7,https://movie.douban.com/subject/33377603/, 中国大陆, 汉语普通话,2019
383,港珠澳大桥,闫东,,,https://movie.douban.com/subject/30230160/, 中国大陆 / 香港 / 澳门,,2019
384,寿司之神,大卫·贾柏,"小野二郎 ,小野祯一",8.7,https://movie.douban.com/subject/6146955/, 美国,,2011
385,日本之耻,埃里卡·詹金,"伊藤诗织,安倍晋三",9.1,https://movie.douban.com/subject/30263943/, 英国,,2018
386,重返·狼群,亦风,李微漪,8.3,https://movie.douban.com/subject/26920269/, 中国大陆,,2017
387,人间世 第一季,周全,,9.6,https://movie.douban.com/subject/26815163/, 中国大陆, 汉语普通话,2016
388,航拍中国 第二季,"郭滢,樊志远,桂平,田荣,李德刚,詹先玲,王雅丽,韩金娜,何伟,杨光伟",李龙滨,8.3,https://movie.douban.com/subject/26995507/, 中国大陆, 汉语普通话,2019
389,燃点,"关琇,萧屺楠","罗永浩,戴威,张颖,Papi酱,傅盛",6.3,https://movie.douban.com/subject/27663881/, 中国大陆,,2019
390,三十二,郭柯,"韦绍兰,罗善学",9.4,https://movie.douban.com/subject/26236632/, 中国大陆,,2014
391,河西走廊,赵启辰,"刘川,艾力库",9.6,https://movie.douban.com/subject/24736278/, 中国大陆, 汉语普通话,2015
392,生门,陈为军,"李家福,夏锦菊,陈小凤,曾宪春",8.8,https://movie.douban.com/subject/26836588/, 中国大陆,,2016
393,浮生一日,"凯文·麦克唐纳,Natalia Andreadis,雷德利·斯科特","Cindy Baer,海伦·乔治",8.8,https://movie.douban.com/subject/5387041/, 美国,,2011
394,坂本龙一：终曲,史蒂芬·野村·斯奇博,坂本龙一,8.9,https://movie.douban.com/subject/26984189/, 日本,,2017
395,舌尖上的中国 第二季,"陈晓卿,邓洁,费牖明,刘硕,陈硕,陈磊",李立宏,8.5,https://movie.douban.com/subject/20502514/, 中国大陆, 汉语普通话 / 藏语 / 英语,2014
396,囚,马莉,,9.2,https://movie.douban.com/subject/26961159/, 中国大陆,,2017
397,爱猫之城,杰达·托伦,"布朗特·乌斯塔曼,本古,德尼兹,杜曼,无忧",8.4,https://movie.douban.com/subject/26806099/, 土耳其 / 美国,,2016
398,冰血长津湖,"颜品,付勇,刘治寰",,9.2,https://movie.douban.com/subject/6129689/, 中国大陆,,2011
399,舌尖上的新年,"陈磊,邓洁,李勇",李立宏,8.4,https://movie.douban.com/subject/25894885/, 中国大陆,,2016
400,那天，大海,金智永,郑雨盛,9.3,https://movie.douban.com/subject/30163799/, 韩国,,2018
