index,drama_title,drama_directors,drama_casts,drama_rate, drama_url,drama_country,drama_type,drama_language_list,drama_time
1,生活大爆炸 第十二季,马克・森卓斯基,"吉姆・帕森斯,约翰尼・盖尔克奇,凯莉・库柯,西蒙・赫尔伯格,昆瑙・内亚",9.6,https://movie.douban.com/subject/27001001/, 美国,"喜剧,爱情", 英语,2018
2,非自然死亡,"冢原亚由子,竹村谦太郎,村尾嘉昭","石原里美,井浦新,洼田正孝,市川实日子,松重丰",9.4,https://movie.douban.com/subject/27140017/, 日本,"剧情,悬疑", 日语,2018
3,杀死伊芙 第一季,"荣・伊斯特,达蒙・托马斯,哈利・布拉德比尔","吴珊卓,朱迪・科默,费奥纳・肖,欧文・麦克唐纳,金・波德尼亚",8.6,https://movie.douban.com/subject/26915602/, 美国 / 英国,"剧情,惊悚", 英语 / 法语,2018
4,摩登家庭 第十季,"盖尔・曼库索,斯蒂文・莱维坦","艾德・奥尼尔,索菲娅・维加拉,朱丽・鲍温,泰・布利尔,杰西・泰勒・弗格森",9.4,https://movie.douban.com/subject/27041245/, 美国,"喜剧,家庭", 英语,2018
5,香蜜沉沉烬如霜,"朱锐斌,李秉光,澄丰","杨紫,邓伦,陈钰琪,罗云熙,王一菲",7.7,https://movie.douban.com/subject/26920281/, 中国大陆,"爱情,奇幻,古装", 汉语普通话,2018
6,知否知否应是绿肥红瘦,张开宙,"赵丽颖,冯绍峰,朱一龙,施诗,张佳宁",7.6,https://movie.douban.com/subject/26928226/, 中国大陆,"剧情,爱情,古装", 汉语普通话,2018
7,我是大哥大,福田雄一,"贺来贤人,伊藤健太郎,清野菜名,桥本环奈,太贺",9.1,https://movie.douban.com/subject/30183785/, 日本,"剧情,喜剧", 日语,2018
8,小谢尔顿 第二季,"贾弗尔・马哈穆德,霍华德・达奇,马克・森卓斯基","伊恩・阿米蒂奇,佐伊・派瑞,兰斯・巴伯,蒙塔纳・乔丹,拉根・雷沃德",9.4,https://movie.douban.com/subject/27623506/, 美国,喜剧, 英语,2018
9,我的天才女友 第一季,萨维里奥・科斯坦佐,"伊利莎・德尔・吉尼欧,卢多维卡・纳斯提,玛格丽塔・马祖可,盖娅・吉拉切,伊丽莎白・德・帕罗奥",9.3,https://movie.douban.com/subject/28427782/, 美国 / 意大利,剧情, 意大利语 / 那不勒斯语,2018
10,延禧攻略,"惠楷栋,温德光","秦岚,聂远,佘诗曼,吴谨言,许凯",7.2,https://movie.douban.com/subject/26999852/, 中国大陆,"剧情,爱情,古装", 汉语普通话,2018
11,金秘书为何那样,朴俊和,"朴叙俊,朴敏英,李泰焕,姜其永,黄灿盛",8,https://movie.douban.com/subject/30181455/, 韩国,"喜剧,爱情", 韩语,2018
12,大江大河,"孔笙,黄伟","王凯,杨烁,董子健,童瑶,杨立新",8.8,https://movie.douban.com/subject/26797690/, 中国大陆,剧情, 汉语普通话,2018
13,天空之城,赵贤卓,"廉晶雅,李泰兰,尹世雅,吴娜拉,金瑞亨",8.8,https://movie.douban.com/subject/30304087/, 韩国,剧情, 韩语,2018
14,梅尔罗斯,爱德华・贝尔格,"本尼迪克特・康伯巴奇,詹妮弗・杰森・李,塞巴斯蒂安・马尔茨,杰西卡・雷恩,雨果・维文",9,https://movie.douban.com/subject/26985973/, 英国,剧情, 英语,2018
15,天盛长歌,"沈严,刘海波","陈坤,倪妮,赵立新,倪大红,袁弘",8.2,https://movie.douban.com/subject/26761328/, 中国大陆,"剧情,爱情,古装", 汉语普通话,2018
16,我的大叔,金元锡,"李知恩,李善均,高斗心,宋清晨,张基龙",9.4,https://movie.douban.com/subject/27602137/, 韩国,剧情, 韩语,2018
17,西部世界 第二季,"理查德・J・刘易斯,文森佐・纳塔利,丽莎・乔・诺兰,克雷格・卓贝,塔里克・萨利赫,妮可・卡索,乌塔・布里兹维茨,斯蒂芬・威廉姆斯,弗雷德・托耶","埃文・蕾切尔・伍德,坦迪・牛顿,詹姆斯・麦斯登,吉米・辛普森,妲露拉・莱莉",8.9,https://movie.douban.com/subject/26887174/, 美国,"科幻,西部", 英语,2018
18,贴身保镖,"托马斯・文森特,约翰・史翠兰","理查德・麦登,凯莉・霍威,苏菲・兰朵,维森特・富兰克林,阿什・坦顿",8.5,https://movie.douban.com/subject/27163287/, 英国,"剧情,惊悚,犯罪", 英语,2018
19,我们这一天 第三季,"肯・奥林,克里斯・科赫,丽贝卡・爱舍","米洛・文堤米利亚,曼迪・摩尔,斯特林・K・布朗,苏珊・卡莱布・沃森,克丽丝・梅斯",9.5,https://movie.douban.com/subject/26958599/, 美国,"剧情,喜剧,爱情", 英语,2018
20,了不起的麦瑟尔夫人 第二季,埃米・谢尔曼-帕拉迪诺,"瑞秋・布罗斯纳安,迈克尔・泽根,艾利克斯・布诺斯町,托尼・夏尔赫布,玛琳・辛科",8.6,https://movie.douban.com/subject/27016555/, 美国,"剧情,喜剧", 英语,2018
21,非自然死亡,"冢原亚由子,竹村谦太郎,村尾嘉昭","石原里美,井浦新,洼田正孝,市川实日子,松重丰",9.4,https://movie.douban.com/subject/27140017/, 日本,"剧情,悬疑", 日语,2018
22,杀死伊芙 第一季,"荣・伊斯特,达蒙・托马斯,哈利・布拉德比尔","吴珊卓,朱迪・科默,费奥纳・肖,欧文・麦克唐纳,金・波德尼亚",8.6,https://movie.douban.com/subject/26915602/, 美国 / 英国,"剧情,惊悚", 英语 / 法语,2018
23,摩登家庭 第十季,"盖尔・曼库索,斯蒂文・莱维坦","艾德・奥尼尔,索菲娅・维加拉,朱丽・鲍温,泰・布利尔,杰西・泰勒・弗格森",9.4,https://movie.douban.com/subject/27041245/, 美国,"喜剧,家庭", 英语,2018
24,香蜜沉沉烬如霜,"朱锐斌,李秉光,澄丰","杨紫,邓伦,陈钰琪,罗云熙,王一菲",7.7,https://movie.douban.com/subject/26920281/, 中国大陆,"爱情,奇幻,古装", 汉语普通话,2018
25,知否知否应是绿肥红瘦,张开宙,"赵丽颖,冯绍峰,朱一龙,施诗,张佳宁",7.6,https://movie.douban.com/subject/26928226/, 中国大陆,"剧情,爱情,古装", 汉语普通话,2018
26,我是大哥大,福田雄一,"贺来贤人,伊藤健太郎,清野菜名,桥本环奈,太贺",9.1,https://movie.douban.com/subject/30183785/, 日本,"剧情,喜剧", 日语,2018
27,小谢尔顿 第二季,"贾弗尔・马哈穆德,霍华德・达奇,马克・森卓斯基","伊恩・阿米蒂奇,佐伊・派瑞,兰斯・巴伯,蒙塔纳・乔丹,拉根・雷沃德",9.4,https://movie.douban.com/subject/27623506/, 美国,喜剧, 英语,2018
28,我的天才女友 第一季,萨维里奥・科斯坦佐,"伊利莎・德尔・吉尼欧,卢多维卡・纳斯提,玛格丽塔・马祖可,盖娅・吉拉切,伊丽莎白・德・帕罗奥",9.3,https://movie.douban.com/subject/28427782/, 美国 / 意大利,剧情, 意大利语 / 那不勒斯语,2018
29,延禧攻略,"惠楷栋,温德光","秦岚,聂远,佘诗曼,吴谨言,许凯",7.2,https://movie.douban.com/subject/26999852/, 中国大陆,"剧情,爱情,古装", 汉语普通话,2018
30,金秘书为何那样,朴俊和,"朴叙俊,朴敏英,李泰焕,姜其永,黄灿盛",8,https://movie.douban.com/subject/30181455/, 韩国,"喜剧,爱情", 韩语,2018
31,大江大河,"孔笙,黄伟","王凯,杨烁,董子健,童瑶,杨立新",8.8,https://movie.douban.com/subject/26797690/, 中国大陆,剧情, 汉语普通话,2018
32,天空之城,赵贤卓,"廉晶雅,李泰兰,尹世雅,吴娜拉,金瑞亨",8.8,https://movie.douban.com/subject/30304087/, 韩国,剧情, 韩语,2018
33,梅尔罗斯,爱德华・贝尔格,"本尼迪克特・康伯巴奇,詹妮弗・杰森・李,塞巴斯蒂安・马尔茨,杰西卡・雷恩,雨果・维文",9,https://movie.douban.com/subject/26985973/, 英国,剧情, 英语,2018
34,天盛长歌,"沈严,刘海波","陈坤,倪妮,赵立新,倪大红,袁弘",8.2,https://movie.douban.com/subject/26761328/, 中国大陆,"剧情,爱情,古装", 汉语普通话,2018
35,我的大叔,金元锡,"李知恩,李善均,高斗心,宋清晨,张基龙",9.4,https://movie.douban.com/subject/27602137/, 韩国,剧情, 韩语,2018
36,西部世界 第二季,"理查德・J・刘易斯,文森佐・纳塔利,丽莎・乔・诺兰,克雷格・卓贝,塔里克・萨利赫,妮可・卡索,乌塔・布里兹维茨,斯蒂芬・威廉姆斯,弗雷德・托耶","埃文・蕾切尔・伍德,坦迪・牛顿,詹姆斯・麦斯登,吉米・辛普森,妲露拉・莱莉",8.9,https://movie.douban.com/subject/26887174/, 美国,"科幻,西部", 英语,2018
37,贴身保镖,"托马斯・文森特,约翰・史翠兰","理查德・麦登,凯莉・霍威,苏菲・兰朵,维森特・富兰克林,阿什・坦顿",8.5,https://movie.douban.com/subject/27163287/, 英国,"剧情,惊悚,犯罪", 英语,2018
38,我们这一天 第三季,"肯・奥林,克里斯・科赫,丽贝卡・爱舍","米洛・文堤米利亚,曼迪・摩尔,斯特林・K・布朗,苏珊・卡莱布・沃森,克丽丝・梅斯",9.5,https://movie.douban.com/subject/26958599/, 美国,"剧情,喜剧,爱情", 英语,2018
39,了不起的麦瑟尔夫人 第二季,埃米・谢尔曼-帕拉迪诺,"瑞秋・布罗斯纳安,迈克尔・泽根,艾利克斯・布诺斯町,托尼・夏尔赫布,玛琳・辛科",8.6,https://movie.douban.com/subject/27016555/, 美国,"剧情,喜剧", 英语,2018
40,如懿传,"汪俊,程源海","周迅,霍建华,张钧甯,李纯,辛芷蕾",7.4,https://movie.douban.com/subject/25812730/, 中国大陆,"剧情,历史,古装", 汉语普通话,2018
41,杀死伊芙 第一季,"荣・伊斯特,达蒙・托马斯,哈利・布拉德比尔","吴珊卓,朱迪・科默,费奥纳・肖,欧文・麦克唐纳,金・波德尼亚",8.6,https://movie.douban.com/subject/26915602/, 美国 / 英国,"剧情,惊悚", 英语 / 法语,2018
42,摩登家庭 第十季,"盖尔・曼库索,斯蒂文・莱维坦","艾德・奥尼尔,索菲娅・维加拉,朱丽・鲍温,泰・布利尔,杰西・泰勒・弗格森",9.4,https://movie.douban.com/subject/27041245/, 美国,"喜剧,家庭", 英语,2018
43,香蜜沉沉烬如霜,"朱锐斌,李秉光,澄丰","杨紫,邓伦,陈钰琪,罗云熙,王一菲",7.7,https://movie.douban.com/subject/26920281/, 中国大陆,"爱情,奇幻,古装", 汉语普通话,2018
44,知否知否应是绿肥红瘦,张开宙,"赵丽颖,冯绍峰,朱一龙,施诗,张佳宁",7.6,https://movie.douban.com/subject/26928226/, 中国大陆,"剧情,爱情,古装", 汉语普通话,2018
45,我是大哥大,福田雄一,"贺来贤人,伊藤健太郎,清野菜名,桥本环奈,太贺",9.1,https://movie.douban.com/subject/30183785/, 日本,"剧情,喜剧", 日语,2018
46,小谢尔顿 第二季,"贾弗尔・马哈穆德,霍华德・达奇,马克・森卓斯基","伊恩・阿米蒂奇,佐伊・派瑞,兰斯・巴伯,蒙塔纳・乔丹,拉根・雷沃德",9.4,https://movie.douban.com/subject/27623506/, 美国,喜剧, 英语,2018
47,我的天才女友 第一季,萨维里奥・科斯坦佐,"伊利莎・德尔・吉尼欧,卢多维卡・纳斯提,玛格丽塔・马祖可,盖娅・吉拉切,伊丽莎白・德・帕罗奥",9.3,https://movie.douban.com/subject/28427782/, 美国 / 意大利,剧情, 意大利语 / 那不勒斯语,2018
48,延禧攻略,"惠楷栋,温德光","秦岚,聂远,佘诗曼,吴谨言,许凯",7.2,https://movie.douban.com/subject/26999852/, 中国大陆,"剧情,爱情,古装", 汉语普通话,2018
49,金秘书为何那样,朴俊和,"朴叙俊,朴敏英,李泰焕,姜其永,黄灿盛",8,https://movie.douban.com/subject/30181455/, 韩国,"喜剧,爱情", 韩语,2018
50,大江大河,"孔笙,黄伟","王凯,杨烁,董子健,童瑶,杨立新",8.8,https://movie.douban.com/subject/26797690/, 中国大陆,剧情, 汉语普通话,2018
51,天空之城,赵贤卓,"廉晶雅,李泰兰,尹世雅,吴娜拉,金瑞亨",8.8,https://movie.douban.com/subject/30304087/, 韩国,剧情, 韩语,2018
52,梅尔罗斯,爱德华・贝尔格,"本尼迪克特・康伯巴奇,詹妮弗・杰森・李,塞巴斯蒂安・马尔茨,杰西卡・雷恩,雨果・维文",9,https://movie.douban.com/subject/26985973/, 英国,剧情, 英语,2018
53,天盛长歌,"沈严,刘海波","陈坤,倪妮,赵立新,倪大红,袁弘",8.2,https://movie.douban.com/subject/26761328/, 中国大陆,"剧情,爱情,古装", 汉语普通话,2018
54,我的大叔,金元锡,"李知恩,李善均,高斗心,宋清晨,张基龙",9.4,https://movie.douban.com/subject/27602137/, 韩国,剧情, 韩语,2018
55,西部世界 第二季,"理查德・J・刘易斯,文森佐・纳塔利,丽莎・乔・诺兰,克雷格・卓贝,塔里克・萨利赫,妮可・卡索,乌塔・布里兹维茨,斯蒂芬・威廉姆斯,弗雷德・托耶","埃文・蕾切尔・伍德,坦迪・牛顿,詹姆斯・麦斯登,吉米・辛普森,妲露拉・莱莉",8.9,https://movie.douban.com/subject/26887174/, 美国,"科幻,西部", 英语,2018
56,贴身保镖,"托马斯・文森特,约翰・史翠兰","理查德・麦登,凯莉・霍威,苏菲・兰朵,维森特・富兰克林,阿什・坦顿",8.5,https://movie.douban.com/subject/27163287/, 英国,"剧情,惊悚,犯罪", 英语,2018
57,我们这一天 第三季,"肯・奥林,克里斯・科赫,丽贝卡・爱舍","米洛・文堤米利亚,曼迪・摩尔,斯特林・K・布朗,苏珊・卡莱布・沃森,克丽丝・梅斯",9.5,https://movie.douban.com/subject/26958599/, 美国,"剧情,喜剧,爱情", 英语,2018
58,了不起的麦瑟尔夫人 第二季,埃米・谢尔曼-帕拉迪诺,"瑞秋・布罗斯纳安,迈克尔・泽根,艾利克斯・布诺斯町,托尼・夏尔赫布,玛琳・辛科",8.6,https://movie.douban.com/subject/27016555/, 美国,"剧情,喜剧", 英语,2018
59,如懿传,"汪俊,程源海","周迅,霍建华,张钧甯,李纯,辛芷蕾",7.4,https://movie.douban.com/subject/25812730/, 中国大陆,"剧情,历史,古装", 汉语普通话,2018
60,内在美,宋贤旭,"徐玄振,李民基,李多喜,安宰贤,文知茵",7.8,https://movie.douban.com/subject/30269039/, 韩国,"剧情,爱情", 韩语,2018
61,摩登家庭 第十季,"盖尔・曼库索,斯蒂文・莱维坦","艾德・奥尼尔,索菲娅・维加拉,朱丽・鲍温,泰・布利尔,杰西・泰勒・弗格森",9.4,https://movie.douban.com/subject/27041245/, 美国,"喜剧,家庭", 英语,2018
62,香蜜沉沉烬如霜,"朱锐斌,李秉光,澄丰","杨紫,邓伦,陈钰琪,罗云熙,王一菲",7.7,https://movie.douban.com/subject/26920281/, 中国大陆,"爱情,奇幻,古装", 汉语普通话,2018
63,知否知否应是绿肥红瘦,张开宙,"赵丽颖,冯绍峰,朱一龙,施诗,张佳宁",7.6,https://movie.douban.com/subject/26928226/, 中国大陆,"剧情,爱情,古装", 汉语普通话,2018
64,我是大哥大,福田雄一,"贺来贤人,伊藤健太郎,清野菜名,桥本环奈,太贺",9.1,https://movie.douban.com/subject/30183785/, 日本,"剧情,喜剧", 日语,2018
65,小谢尔顿 第二季,"贾弗尔・马哈穆德,霍华德・达奇,马克・森卓斯基","伊恩・阿米蒂奇,佐伊・派瑞,兰斯・巴伯,蒙塔纳・乔丹,拉根・雷沃德",9.4,https://movie.douban.com/subject/27623506/, 美国,喜剧, 英语,2018
66,我的天才女友 第一季,萨维里奥・科斯坦佐,"伊利莎・德尔・吉尼欧,卢多维卡・纳斯提,玛格丽塔・马祖可,盖娅・吉拉切,伊丽莎白・德・帕罗奥",9.3,https://movie.douban.com/subject/28427782/, 美国 / 意大利,剧情, 意大利语 / 那不勒斯语,2018
67,延禧攻略,"惠楷栋,温德光","秦岚,聂远,佘诗曼,吴谨言,许凯",7.2,https://movie.douban.com/subject/26999852/, 中国大陆,"剧情,爱情,古装", 汉语普通话,2018
68,金秘书为何那样,朴俊和,"朴叙俊,朴敏英,李泰焕,姜其永,黄灿盛",8,https://movie.douban.com/subject/30181455/, 韩国,"喜剧,爱情", 韩语,2018
69,大江大河,"孔笙,黄伟","王凯,杨烁,董子健,童瑶,杨立新",8.8,https://movie.douban.com/subject/26797690/, 中国大陆,剧情, 汉语普通话,2018
70,天空之城,赵贤卓,"廉晶雅,李泰兰,尹世雅,吴娜拉,金瑞亨",8.8,https://movie.douban.com/subject/30304087/, 韩国,剧情, 韩语,2018
71,梅尔罗斯,爱德华・贝尔格,"本尼迪克特・康伯巴奇,詹妮弗・杰森・李,塞巴斯蒂安・马尔茨,杰西卡・雷恩,雨果・维文",9,https://movie.douban.com/subject/26985973/, 英国,剧情, 英语,2018
72,天盛长歌,"沈严,刘海波","陈坤,倪妮,赵立新,倪大红,袁弘",8.2,https://movie.douban.com/subject/26761328/, 中国大陆,"剧情,爱情,古装", 汉语普通话,2018
73,我的大叔,金元锡,"李知恩,李善均,高斗心,宋清晨,张基龙",9.4,https://movie.douban.com/subject/27602137/, 韩国,剧情, 韩语,2018
74,西部世界 第二季,"理查德・J・刘易斯,文森佐・纳塔利,丽莎・乔・诺兰,克雷格・卓贝,塔里克・萨利赫,妮可・卡索,乌塔・布里兹维茨,斯蒂芬・威廉姆斯,弗雷德・托耶","埃文・蕾切尔・伍德,坦迪・牛顿,詹姆斯・麦斯登,吉米・辛普森,妲露拉・莱莉",8.9,https://movie.douban.com/subject/26887174/, 美国,"科幻,西部", 英语,2018
75,贴身保镖,"托马斯・文森特,约翰・史翠兰","理查德・麦登,凯莉・霍威,苏菲・兰朵,维森特・富兰克林,阿什・坦顿",8.5,https://movie.douban.com/subject/27163287/, 英国,"剧情,惊悚,犯罪", 英语,2018
76,我们这一天 第三季,"肯・奥林,克里斯・科赫,丽贝卡・爱舍","米洛・文堤米利亚,曼迪・摩尔,斯特林・K・布朗,苏珊・卡莱布・沃森,克丽丝・梅斯",9.5,https://movie.douban.com/subject/26958599/, 美国,"剧情,喜剧,爱情", 英语,2018
77,了不起的麦瑟尔夫人 第二季,埃米・谢尔曼-帕拉迪诺,"瑞秋・布罗斯纳安,迈克尔・泽根,艾利克斯・布诺斯町,托尼・夏尔赫布,玛琳・辛科",8.6,https://movie.douban.com/subject/27016555/, 美国,"剧情,喜剧", 英语,2018
78,如懿传,"汪俊,程源海","周迅,霍建华,张钧甯,李纯,辛芷蕾",7.4,https://movie.douban.com/subject/25812730/, 中国大陆,"剧情,历史,古装", 汉语普通话,2018
79,内在美,宋贤旭,"徐玄振,李民基,李多喜,安宰贤,文知茵",7.8,https://movie.douban.com/subject/30269039/, 韩国,"剧情,爱情", 韩语,2018
80,镇魂,"周远舟,谢毅航","白宇,朱一龙,辛鹏,高雨儿,李砚",6.4,https://movie.douban.com/subject/26979097/,,,,[]
81,香蜜沉沉烬如霜,"朱锐斌,李秉光,澄丰","杨紫,邓伦,陈钰琪,罗云熙,王一菲",7.7,https://movie.douban.com/subject/26920281/, 中国大陆,"爱情,奇幻,古装", 汉语普通话,2018
82,知否知否应是绿肥红瘦,张开宙,"赵丽颖,冯绍峰,朱一龙,施诗,张佳宁",7.6,https://movie.douban.com/subject/26928226/, 中国大陆,"剧情,爱情,古装", 汉语普通话,2018
83,我是大哥大,福田雄一,"贺来贤人,伊藤健太郎,清野菜名,桥本环奈,太贺",9.1,https://movie.douban.com/subject/30183785/, 日本,"剧情,喜剧", 日语,2018
84,小谢尔顿 第二季,"贾弗尔・马哈穆德,霍华德・达奇,马克・森卓斯基","伊恩・阿米蒂奇,佐伊・派瑞,兰斯・巴伯,蒙塔纳・乔丹,拉根・雷沃德",9.4,https://movie.douban.com/subject/27623506/, 美国,喜剧, 英语,2018
85,我的天才女友 第一季,萨维里奥・科斯坦佐,"伊利莎・德尔・吉尼欧,卢多维卡・纳斯提,玛格丽塔・马祖可,盖娅・吉拉切,伊丽莎白・德・帕罗奥",9.3,https://movie.douban.com/subject/28427782/, 美国 / 意大利,剧情, 意大利语 / 那不勒斯语,2018
86,延禧攻略,"惠楷栋,温德光","秦岚,聂远,佘诗曼,吴谨言,许凯",7.2,https://movie.douban.com/subject/26999852/, 中国大陆,"剧情,爱情,古装", 汉语普通话,2018
87,金秘书为何那样,朴俊和,"朴叙俊,朴敏英,李泰焕,姜其永,黄灿盛",8,https://movie.douban.com/subject/30181455/, 韩国,"喜剧,爱情", 韩语,2018
88,大江大河,"孔笙,黄伟","王凯,杨烁,董子健,童瑶,杨立新",8.8,https://movie.douban.com/subject/26797690/, 中国大陆,剧情, 汉语普通话,2018
89,天空之城,赵贤卓,"廉晶雅,李泰兰,尹世雅,吴娜拉,金瑞亨",8.8,https://movie.douban.com/subject/30304087/, 韩国,剧情, 韩语,2018
90,梅尔罗斯,爱德华・贝尔格,"本尼迪克特・康伯巴奇,詹妮弗・杰森・李,塞巴斯蒂安・马尔茨,杰西卡・雷恩,雨果・维文",9,https://movie.douban.com/subject/26985973/, 英国,剧情, 英语,2018
91,天盛长歌,"沈严,刘海波","陈坤,倪妮,赵立新,倪大红,袁弘",8.2,https://movie.douban.com/subject/26761328/, 中国大陆,"剧情,爱情,古装", 汉语普通话,2018
92,我的大叔,金元锡,"李知恩,李善均,高斗心,宋清晨,张基龙",9.4,https://movie.douban.com/subject/27602137/, 韩国,剧情, 韩语,2018
93,西部世界 第二季,"理查德・J・刘易斯,文森佐・纳塔利,丽莎・乔・诺兰,克雷格・卓贝,塔里克・萨利赫,妮可・卡索,乌塔・布里兹维茨,斯蒂芬・威廉姆斯,弗雷德・托耶","埃文・蕾切尔・伍德,坦迪・牛顿,詹姆斯・麦斯登,吉米・辛普森,妲露拉・莱莉",8.9,https://movie.douban.com/subject/26887174/, 美国,"科幻,西部", 英语,2018
94,贴身保镖,"托马斯・文森特,约翰・史翠兰","理查德・麦登,凯莉・霍威,苏菲・兰朵,维森特・富兰克林,阿什・坦顿",8.5,https://movie.douban.com/subject/27163287/, 英国,"剧情,惊悚,犯罪", 英语,2018
95,我们这一天 第三季,"肯・奥林,克里斯・科赫,丽贝卡・爱舍","米洛・文堤米利亚,曼迪・摩尔,斯特林・K・布朗,苏珊・卡莱布・沃森,克丽丝・梅斯",9.5,https://movie.douban.com/subject/26958599/, 美国,"剧情,喜剧,爱情", 英语,2018
96,了不起的麦瑟尔夫人 第二季,埃米・谢尔曼-帕拉迪诺,"瑞秋・布罗斯纳安,迈克尔・泽根,艾利克斯・布诺斯町,托尼・夏尔赫布,玛琳・辛科",8.6,https://movie.douban.com/subject/27016555/, 美国,"剧情,喜剧", 英语,2018
97,如懿传,"汪俊,程源海","周迅,霍建华,张钧甯,李纯,辛芷蕾",7.4,https://movie.douban.com/subject/25812730/, 中国大陆,"剧情,历史,古装", 汉语普通话,2018
98,内在美,宋贤旭,"徐玄振,李民基,李多喜,安宰贤,文知茵",7.8,https://movie.douban.com/subject/30269039/, 韩国,"剧情,爱情", 韩语,2018
99,镇魂,"周远舟,谢毅航","白宇,朱一龙,辛鹏,高雨儿,李砚",6.4,https://movie.douban.com/subject/26979097/,,,,[]
100,我的ID是江南美人,崔成范,"林秀香,车银优,赵宇丽,郭东延,朴成根",7.5,https://movie.douban.com/subject/30232208/, 韩国,"剧情,爱情", 韩语,2018
101,知否知否应是绿肥红瘦,张开宙,"赵丽颖,冯绍峰,朱一龙,施诗,张佳宁",7.6,https://movie.douban.com/subject/26928226/, 中国大陆,"剧情,爱情,古装", 汉语普通话,2018
102,我是大哥大,福田雄一,"贺来贤人,伊藤健太郎,清野菜名,桥本环奈,太贺",9.1,https://movie.douban.com/subject/30183785/, 日本,"剧情,喜剧", 日语,2018
103,小谢尔顿 第二季,"贾弗尔・马哈穆德,霍华德・达奇,马克・森卓斯基","伊恩・阿米蒂奇,佐伊・派瑞,兰斯・巴伯,蒙塔纳・乔丹,拉根・雷沃德",9.4,https://movie.douban.com/subject/27623506/, 美国,喜剧, 英语,2018
104,我的天才女友 第一季,萨维里奥・科斯坦佐,"伊利莎・德尔・吉尼欧,卢多维卡・纳斯提,玛格丽塔・马祖可,盖娅・吉拉切,伊丽莎白・德・帕罗奥",9.3,https://movie.douban.com/subject/28427782/, 美国 / 意大利,剧情, 意大利语 / 那不勒斯语,2018
105,延禧攻略,"惠楷栋,温德光","秦岚,聂远,佘诗曼,吴谨言,许凯",7.2,https://movie.douban.com/subject/26999852/, 中国大陆,"剧情,爱情,古装", 汉语普通话,2018
106,金秘书为何那样,朴俊和,"朴叙俊,朴敏英,李泰焕,姜其永,黄灿盛",8,https://movie.douban.com/subject/30181455/, 韩国,"喜剧,爱情", 韩语,2018
107,大江大河,"孔笙,黄伟","王凯,杨烁,董子健,童瑶,杨立新",8.8,https://movie.douban.com/subject/26797690/, 中国大陆,剧情, 汉语普通话,2018
108,天空之城,赵贤卓,"廉晶雅,李泰兰,尹世雅,吴娜拉,金瑞亨",8.8,https://movie.douban.com/subject/30304087/, 韩国,剧情, 韩语,2018
109,梅尔罗斯,爱德华・贝尔格,"本尼迪克特・康伯巴奇,詹妮弗・杰森・李,塞巴斯蒂安・马尔茨,杰西卡・雷恩,雨果・维文",9,https://movie.douban.com/subject/26985973/, 英国,剧情, 英语,2018
110,天盛长歌,"沈严,刘海波","陈坤,倪妮,赵立新,倪大红,袁弘",8.2,https://movie.douban.com/subject/26761328/, 中国大陆,"剧情,爱情,古装", 汉语普通话,2018
111,我的大叔,金元锡,"李知恩,李善均,高斗心,宋清晨,张基龙",9.4,https://movie.douban.com/subject/27602137/, 韩国,剧情, 韩语,2018
112,西部世界 第二季,"理查德・J・刘易斯,文森佐・纳塔利,丽莎・乔・诺兰,克雷格・卓贝,塔里克・萨利赫,妮可・卡索,乌塔・布里兹维茨,斯蒂芬・威廉姆斯,弗雷德・托耶","埃文・蕾切尔・伍德,坦迪・牛顿,詹姆斯・麦斯登,吉米・辛普森,妲露拉・莱莉",8.9,https://movie.douban.com/subject/26887174/, 美国,"科幻,西部", 英语,2018
113,贴身保镖,"托马斯・文森特,约翰・史翠兰","理查德・麦登,凯莉・霍威,苏菲・兰朵,维森特・富兰克林,阿什・坦顿",8.5,https://movie.douban.com/subject/27163287/, 英国,"剧情,惊悚,犯罪", 英语,2018
114,我们这一天 第三季,"肯・奥林,克里斯・科赫,丽贝卡・爱舍","米洛・文堤米利亚,曼迪・摩尔,斯特林・K・布朗,苏珊・卡莱布・沃森,克丽丝・梅斯",9.5,https://movie.douban.com/subject/26958599/, 美国,"剧情,喜剧,爱情", 英语,2018
115,了不起的麦瑟尔夫人 第二季,埃米・谢尔曼-帕拉迪诺,"瑞秋・布罗斯纳安,迈克尔・泽根,艾利克斯・布诺斯町,托尼・夏尔赫布,玛琳・辛科",8.6,https://movie.douban.com/subject/27016555/, 美国,"剧情,喜剧", 英语,2018
116,如懿传,"汪俊,程源海","周迅,霍建华,张钧甯,李纯,辛芷蕾",7.4,https://movie.douban.com/subject/25812730/, 中国大陆,"剧情,历史,古装", 汉语普通话,2018
117,内在美,宋贤旭,"徐玄振,李民基,李多喜,安宰贤,文知茵",7.8,https://movie.douban.com/subject/30269039/, 韩国,"剧情,爱情", 韩语,2018
118,镇魂,"周远舟,谢毅航","白宇,朱一龙,辛鹏,高雨儿,李砚",6.4,https://movie.douban.com/subject/26979097/,,,,[]
119,我的ID是江南美人,崔成范,"林秀香,车银优,赵宇丽,郭东延,朴成根",7.5,https://movie.douban.com/subject/30232208/, 韩国,"剧情,爱情", 韩语,2018
120,忽而今夏,吕赢,"白宇,卜冠今,吕鹏,张书维,杨h",8.2,https://movie.douban.com/subject/27041389/, 中国大陆,剧情, 汉语普通话,2018
121,我是大哥大,福田雄一,"贺来贤人,伊藤健太郎,清野菜名,桥本环奈,太贺",9.1,https://movie.douban.com/subject/30183785/, 日本,"剧情,喜剧", 日语,2018
122,小谢尔顿 第二季,"贾弗尔・马哈穆德,霍华德・达奇,马克・森卓斯基","伊恩・阿米蒂奇,佐伊・派瑞,兰斯・巴伯,蒙塔纳・乔丹,拉根・雷沃德",9.4,https://movie.douban.com/subject/27623506/, 美国,喜剧, 英语,2018
123,我的天才女友 第一季,萨维里奥・科斯坦佐,"伊利莎・德尔・吉尼欧,卢多维卡・纳斯提,玛格丽塔・马祖可,盖娅・吉拉切,伊丽莎白・德・帕罗奥",9.3,https://movie.douban.com/subject/28427782/, 美国 / 意大利,剧情, 意大利语 / 那不勒斯语,2018
124,延禧攻略,"惠楷栋,温德光","秦岚,聂远,佘诗曼,吴谨言,许凯",7.2,https://movie.douban.com/subject/26999852/, 中国大陆,"剧情,爱情,古装", 汉语普通话,2018
125,金秘书为何那样,朴俊和,"朴叙俊,朴敏英,李泰焕,姜其永,黄灿盛",8,https://movie.douban.com/subject/30181455/, 韩国,"喜剧,爱情", 韩语,2018
126,大江大河,"孔笙,黄伟","王凯,杨烁,董子健,童瑶,杨立新",8.8,https://movie.douban.com/subject/26797690/, 中国大陆,剧情, 汉语普通话,2018
127,天空之城,赵贤卓,"廉晶雅,李泰兰,尹世雅,吴娜拉,金瑞亨",8.8,https://movie.douban.com/subject/30304087/, 韩国,剧情, 韩语,2018
128,梅尔罗斯,爱德华・贝尔格,"本尼迪克特・康伯巴奇,詹妮弗・杰森・李,塞巴斯蒂安・马尔茨,杰西卡・雷恩,雨果・维文",9,https://movie.douban.com/subject/26985973/, 英国,剧情, 英语,2018
129,天盛长歌,"沈严,刘海波","陈坤,倪妮,赵立新,倪大红,袁弘",8.2,https://movie.douban.com/subject/26761328/, 中国大陆,"剧情,爱情,古装", 汉语普通话,2018
130,我的大叔,金元锡,"李知恩,李善均,高斗心,宋清晨,张基龙",9.4,https://movie.douban.com/subject/27602137/, 韩国,剧情, 韩语,2018
131,西部世界 第二季,"理查德・J・刘易斯,文森佐・纳塔利,丽莎・乔・诺兰,克雷格・卓贝,塔里克・萨利赫,妮可・卡索,乌塔・布里兹维茨,斯蒂芬・威廉姆斯,弗雷德・托耶","埃文・蕾切尔・伍德,坦迪・牛顿,詹姆斯・麦斯登,吉米・辛普森,妲露拉・莱莉",8.9,https://movie.douban.com/subject/26887174/, 美国,"科幻,西部", 英语,2018
132,贴身保镖,"托马斯・文森特,约翰・史翠兰","理查德・麦登,凯莉・霍威,苏菲・兰朵,维森特・富兰克林,阿什・坦顿",8.5,https://movie.douban.com/subject/27163287/, 英国,"剧情,惊悚,犯罪", 英语,2018
133,我们这一天 第三季,"肯・奥林,克里斯・科赫,丽贝卡・爱舍","米洛・文堤米利亚,曼迪・摩尔,斯特林・K・布朗,苏珊・卡莱布・沃森,克丽丝・梅斯",9.5,https://movie.douban.com/subject/26958599/, 美国,"剧情,喜剧,爱情", 英语,2018
134,了不起的麦瑟尔夫人 第二季,埃米・谢尔曼-帕拉迪诺,"瑞秋・布罗斯纳安,迈克尔・泽根,艾利克斯・布诺斯町,托尼・夏尔赫布,玛琳・辛科",8.6,https://movie.douban.com/subject/27016555/, 美国,"剧情,喜剧", 英语,2018
135,如懿传,"汪俊,程源海","周迅,霍建华,张钧甯,李纯,辛芷蕾",7.4,https://movie.douban.com/subject/25812730/, 中国大陆,"剧情,历史,古装", 汉语普通话,2018
136,内在美,宋贤旭,"徐玄振,李民基,李多喜,安宰贤,文知茵",7.8,https://movie.douban.com/subject/30269039/, 韩国,"剧情,爱情", 韩语,2018
137,镇魂,"周远舟,谢毅航","白宇,朱一龙,辛鹏,高雨儿,李砚",6.4,https://movie.douban.com/subject/26979097/,,,,[]
138,我的ID是江南美人,崔成范,"林秀香,车银优,赵宇丽,郭东延,朴成根",7.5,https://movie.douban.com/subject/30232208/, 韩国,"剧情,爱情", 韩语,2018
139,忽而今夏,吕赢,"白宇,卜冠今,吕鹏,张书维,杨h",8.2,https://movie.douban.com/subject/27041389/, 中国大陆,剧情, 汉语普通话,2018
140,和平饭店,"李骏,白涛","陈数,雷佳音,李光洁,陶慧,张一龙",7.9,https://movie.douban.com/subject/26828285/, 中国大陆,"剧情,悬疑", 汉语普通话,2018
141,小谢尔顿 第二季,"贾弗尔・马哈穆德,霍华德・达奇,马克・森卓斯基","伊恩・阿米蒂奇,佐伊・派瑞,兰斯・巴伯,蒙塔纳・乔丹,拉根・雷沃德",9.4,https://movie.douban.com/subject/27623506/, 美国,喜剧, 英语,2018
142,我的天才女友 第一季,萨维里奥・科斯坦佐,"伊利莎・德尔・吉尼欧,卢多维卡・纳斯提,玛格丽塔・马祖可,盖娅・吉拉切,伊丽莎白・德・帕罗奥",9.3,https://movie.douban.com/subject/28427782/, 美国 / 意大利,剧情, 意大利语 / 那不勒斯语,2018
143,延禧攻略,"惠楷栋,温德光","秦岚,聂远,佘诗曼,吴谨言,许凯",7.2,https://movie.douban.com/subject/26999852/, 中国大陆,"剧情,爱情,古装", 汉语普通话,2018
144,金秘书为何那样,朴俊和,"朴叙俊,朴敏英,李泰焕,姜其永,黄灿盛",8,https://movie.douban.com/subject/30181455/, 韩国,"喜剧,爱情", 韩语,2018
145,大江大河,"孔笙,黄伟","王凯,杨烁,董子健,童瑶,杨立新",8.8,https://movie.douban.com/subject/26797690/, 中国大陆,剧情, 汉语普通话,2018
146,天空之城,赵贤卓,"廉晶雅,李泰兰,尹世雅,吴娜拉,金瑞亨",8.8,https://movie.douban.com/subject/30304087/, 韩国,剧情, 韩语,2018
147,梅尔罗斯,爱德华・贝尔格,"本尼迪克特・康伯巴奇,詹妮弗・杰森・李,塞巴斯蒂安・马尔茨,杰西卡・雷恩,雨果・维文",9,https://movie.douban.com/subject/26985973/, 英国,剧情, 英语,2018
148,天盛长歌,"沈严,刘海波","陈坤,倪妮,赵立新,倪大红,袁弘",8.2,https://movie.douban.com/subject/26761328/, 中国大陆,"剧情,爱情,古装", 汉语普通话,2018
149,我的大叔,金元锡,"李知恩,李善均,高斗心,宋清晨,张基龙",9.4,https://movie.douban.com/subject/27602137/, 韩国,剧情, 韩语,2018
150,西部世界 第二季,"理查德・J・刘易斯,文森佐・纳塔利,丽莎・乔・诺兰,克雷格・卓贝,塔里克・萨利赫,妮可・卡索,乌塔・布里兹维茨,斯蒂芬・威廉姆斯,弗雷德・托耶","埃文・蕾切尔・伍德,坦迪・牛顿,詹姆斯・麦斯登,吉米・辛普森,妲露拉・莱莉",8.9,https://movie.douban.com/subject/26887174/, 美国,"科幻,西部", 英语,2018
151,贴身保镖,"托马斯・文森特,约翰・史翠兰","理查德・麦登,凯莉・霍威,苏菲・兰朵,维森特・富兰克林,阿什・坦顿",8.5,https://movie.douban.com/subject/27163287/, 英国,"剧情,惊悚,犯罪", 英语,2018
152,我们这一天 第三季,"肯・奥林,克里斯・科赫,丽贝卡・爱舍","米洛・文堤米利亚,曼迪・摩尔,斯特林・K・布朗,苏珊・卡莱布・沃森,克丽丝・梅斯",9.5,https://movie.douban.com/subject/26958599/, 美国,"剧情,喜剧,爱情", 英语,2018
153,了不起的麦瑟尔夫人 第二季,埃米・谢尔曼-帕拉迪诺,"瑞秋・布罗斯纳安,迈克尔・泽根,艾利克斯・布诺斯町,托尼・夏尔赫布,玛琳・辛科",8.6,https://movie.douban.com/subject/27016555/, 美国,"剧情,喜剧", 英语,2018
154,如懿传,"汪俊,程源海","周迅,霍建华,张钧甯,李纯,辛芷蕾",7.4,https://movie.douban.com/subject/25812730/, 中国大陆,"剧情,历史,古装", 汉语普通话,2018
155,内在美,宋贤旭,"徐玄振,李民基,李多喜,安宰贤,文知茵",7.8,https://movie.douban.com/subject/30269039/, 韩国,"剧情,爱情", 韩语,2018
156,镇魂,"周远舟,谢毅航","白宇,朱一龙,辛鹏,高雨儿,李砚",6.4,https://movie.douban.com/subject/26979097/,,,,[]
157,我的ID是江南美人,崔成范,"林秀香,车银优,赵宇丽,郭东延,朴成根",7.5,https://movie.douban.com/subject/30232208/, 韩国,"剧情,爱情", 韩语,2018
158,忽而今夏,吕赢,"白宇,卜冠今,吕鹏,张书维,杨h",8.2,https://movie.douban.com/subject/27041389/, 中国大陆,剧情, 汉语普通话,2018
159,和平饭店,"李骏,白涛","陈数,雷佳音,李光洁,陶慧,张一龙",7.9,https://movie.douban.com/subject/26828285/, 中国大陆,"剧情,悬疑", 汉语普通话,2018
160,行骗天下JP,"田中亮,金井","长泽雅美,东出昌大,小日向文世,江口洋介,吉濑美智子",8.4,https://movie.douban.com/subject/27605548/, 日本,"剧情,喜剧", 日语,2018
161,我的天才女友 第一季,萨维里奥・科斯坦佐,"伊利莎・德尔・吉尼欧,卢多维卡・纳斯提,玛格丽塔・马祖可,盖娅・吉拉切,伊丽莎白・德・帕罗奥",9.3,https://movie.douban.com/subject/28427782/, 美国 / 意大利,剧情, 意大利语 / 那不勒斯语,2018
162,延禧攻略,"惠楷栋,温德光","秦岚,聂远,佘诗曼,吴谨言,许凯",7.2,https://movie.douban.com/subject/26999852/, 中国大陆,"剧情,爱情,古装", 汉语普通话,2018
163,金秘书为何那样,朴俊和,"朴叙俊,朴敏英,李泰焕,姜其永,黄灿盛",8,https://movie.douban.com/subject/30181455/, 韩国,"喜剧,爱情", 韩语,2018
164,大江大河,"孔笙,黄伟","王凯,杨烁,董子健,童瑶,杨立新",8.8,https://movie.douban.com/subject/26797690/, 中国大陆,剧情, 汉语普通话,2018
165,天空之城,赵贤卓,"廉晶雅,李泰兰,尹世雅,吴娜拉,金瑞亨",8.8,https://movie.douban.com/subject/30304087/, 韩国,剧情, 韩语,2018
166,梅尔罗斯,爱德华・贝尔格,"本尼迪克特・康伯巴奇,詹妮弗・杰森・李,塞巴斯蒂安・马尔茨,杰西卡・雷恩,雨果・维文",9,https://movie.douban.com/subject/26985973/, 英国,剧情, 英语,2018
167,天盛长歌,"沈严,刘海波","陈坤,倪妮,赵立新,倪大红,袁弘",8.2,https://movie.douban.com/subject/26761328/, 中国大陆,"剧情,爱情,古装", 汉语普通话,2018
168,我的大叔,金元锡,"李知恩,李善均,高斗心,宋清晨,张基龙",9.4,https://movie.douban.com/subject/27602137/, 韩国,剧情, 韩语,2018
169,西部世界 第二季,"理查德・J・刘易斯,文森佐・纳塔利,丽莎・乔・诺兰,克雷格・卓贝,塔里克・萨利赫,妮可・卡索,乌塔・布里兹维茨,斯蒂芬・威廉姆斯,弗雷德・托耶","埃文・蕾切尔・伍德,坦迪・牛顿,詹姆斯・麦斯登,吉米・辛普森,妲露拉・莱莉",8.9,https://movie.douban.com/subject/26887174/, 美国,"科幻,西部", 英语,2018
170,贴身保镖,"托马斯・文森特,约翰・史翠兰","理查德・麦登,凯莉・霍威,苏菲・兰朵,维森特・富兰克林,阿什・坦顿",8.5,https://movie.douban.com/subject/27163287/, 英国,"剧情,惊悚,犯罪", 英语,2018
171,我们这一天 第三季,"肯・奥林,克里斯・科赫,丽贝卡・爱舍","米洛・文堤米利亚,曼迪・摩尔,斯特林・K・布朗,苏珊・卡莱布・沃森,克丽丝・梅斯",9.5,https://movie.douban.com/subject/26958599/, 美国,"剧情,喜剧,爱情", 英语,2018
172,了不起的麦瑟尔夫人 第二季,埃米・谢尔曼-帕拉迪诺,"瑞秋・布罗斯纳安,迈克尔・泽根,艾利克斯・布诺斯町,托尼・夏尔赫布,玛琳・辛科",8.6,https://movie.douban.com/subject/27016555/, 美国,"剧情,喜剧", 英语,2018
173,如懿传,"汪俊,程源海","周迅,霍建华,张钧甯,李纯,辛芷蕾",7.4,https://movie.douban.com/subject/25812730/, 中国大陆,"剧情,历史,古装", 汉语普通话,2018
174,内在美,宋贤旭,"徐玄振,李民基,李多喜,安宰贤,文知茵",7.8,https://movie.douban.com/subject/30269039/, 韩国,"剧情,爱情", 韩语,2018
175,镇魂,"周远舟,谢毅航","白宇,朱一龙,辛鹏,高雨儿,李砚",6.4,https://movie.douban.com/subject/26979097/,,,,[]
176,我的ID是江南美人,崔成范,"林秀香,车银优,赵宇丽,郭东延,朴成根",7.5,https://movie.douban.com/subject/30232208/, 韩国,"剧情,爱情", 韩语,2018
177,忽而今夏,吕赢,"白宇,卜冠今,吕鹏,张书维,杨h",8.2,https://movie.douban.com/subject/27041389/, 中国大陆,剧情, 汉语普通话,2018
178,和平饭店,"李骏,白涛","陈数,雷佳音,李光洁,陶慧,张一龙",7.9,https://movie.douban.com/subject/26828285/, 中国大陆,"剧情,悬疑", 汉语普通话,2018
179,行骗天下JP,"田中亮,金井","长泽雅美,东出昌大,小日向文世,江口洋介,吉濑美智子",8.4,https://movie.douban.com/subject/27605548/, 日本,"剧情,喜剧", 日语,2018
180,我们无法成为野兽,水田伸生,"新垣结衣,松田龙平,田中圭,黑木华,菊地凛子",7.7,https://movie.douban.com/subject/30290917/, 日本,爱情, 日语,2018
181,延禧攻略,"惠楷栋,温德光","秦岚,聂远,佘诗曼,吴谨言,许凯",7.2,https://movie.douban.com/subject/26999852/, 中国大陆,"剧情,爱情,古装", 汉语普通话,2018
182,金秘书为何那样,朴俊和,"朴叙俊,朴敏英,李泰焕,姜其永,黄灿盛",8,https://movie.douban.com/subject/30181455/, 韩国,"喜剧,爱情", 韩语,2018
183,大江大河,"孔笙,黄伟","王凯,杨烁,董子健,童瑶,杨立新",8.8,https://movie.douban.com/subject/26797690/, 中国大陆,剧情, 汉语普通话,2018
184,天空之城,赵贤卓,"廉晶雅,李泰兰,尹世雅,吴娜拉,金瑞亨",8.8,https://movie.douban.com/subject/30304087/, 韩国,剧情, 韩语,2018
185,梅尔罗斯,爱德华・贝尔格,"本尼迪克特・康伯巴奇,詹妮弗・杰森・李,塞巴斯蒂安・马尔茨,杰西卡・雷恩,雨果・维文",9,https://movie.douban.com/subject/26985973/, 英国,剧情, 英语,2018
186,天盛长歌,"沈严,刘海波","陈坤,倪妮,赵立新,倪大红,袁弘",8.2,https://movie.douban.com/subject/26761328/, 中国大陆,"剧情,爱情,古装", 汉语普通话,2018
187,我的大叔,金元锡,"李知恩,李善均,高斗心,宋清晨,张基龙",9.4,https://movie.douban.com/subject/27602137/, 韩国,剧情, 韩语,2018
188,西部世界 第二季,"理查德・J・刘易斯,文森佐・纳塔利,丽莎・乔・诺兰,克雷格・卓贝,塔里克・萨利赫,妮可・卡索,乌塔・布里兹维茨,斯蒂芬・威廉姆斯,弗雷德・托耶","埃文・蕾切尔・伍德,坦迪・牛顿,詹姆斯・麦斯登,吉米・辛普森,妲露拉・莱莉",8.9,https://movie.douban.com/subject/26887174/, 美国,"科幻,西部", 英语,2018
189,贴身保镖,"托马斯・文森特,约翰・史翠兰","理查德・麦登,凯莉・霍威,苏菲・兰朵,维森特・富兰克林,阿什・坦顿",8.5,https://movie.douban.com/subject/27163287/, 英国,"剧情,惊悚,犯罪", 英语,2018
190,我们这一天 第三季,"肯・奥林,克里斯・科赫,丽贝卡・爱舍","米洛・文堤米利亚,曼迪・摩尔,斯特林・K・布朗,苏珊・卡莱布・沃森,克丽丝・梅斯",9.5,https://movie.douban.com/subject/26958599/, 美国,"剧情,喜剧,爱情", 英语,2018
191,了不起的麦瑟尔夫人 第二季,埃米・谢尔曼-帕拉迪诺,"瑞秋・布罗斯纳安,迈克尔・泽根,艾利克斯・布诺斯町,托尼・夏尔赫布,玛琳・辛科",8.6,https://movie.douban.com/subject/27016555/, 美国,"剧情,喜剧", 英语,2018
192,如懿传,"汪俊,程源海","周迅,霍建华,张钧甯,李纯,辛芷蕾",7.4,https://movie.douban.com/subject/25812730/, 中国大陆,"剧情,历史,古装", 汉语普通话,2018
193,内在美,宋贤旭,"徐玄振,李民基,李多喜,安宰贤,文知茵",7.8,https://movie.douban.com/subject/30269039/, 韩国,"剧情,爱情", 韩语,2018
194,镇魂,"周远舟,谢毅航","白宇,朱一龙,辛鹏,高雨儿,李砚",6.4,https://movie.douban.com/subject/26979097/,,,,[]
195,我的ID是江南美人,崔成范,"林秀香,车银优,赵宇丽,郭东延,朴成根",7.5,https://movie.douban.com/subject/30232208/, 韩国,"剧情,爱情", 韩语,2018
196,忽而今夏,吕赢,"白宇,卜冠今,吕鹏,张书维,杨h",8.2,https://movie.douban.com/subject/27041389/, 中国大陆,剧情, 汉语普通话,2018
197,和平饭店,"李骏,白涛","陈数,雷佳音,李光洁,陶慧,张一龙",7.9,https://movie.douban.com/subject/26828285/, 中国大陆,"剧情,悬疑", 汉语普通话,2018
198,行骗天下JP,"田中亮,金井","长泽雅美,东出昌大,小日向文世,江口洋介,吉濑美智子",8.4,https://movie.douban.com/subject/27605548/, 日本,"剧情,喜剧", 日语,2018
199,我们无法成为野兽,水田伸生,"新垣结衣,松田龙平,田中圭,黑木华,菊地凛子",7.7,https://movie.douban.com/subject/30290917/, 日本,爱情, 日语,2018
200,情色小说家,三木康一郎,"竹财辉之助,猪V健太,七海奈奈,富永勇也,黑崎我",8.2,https://movie.douban.com/subject/30271241/, 日本,"剧情,同性", 日语,2018
201,金秘书为何那样,朴俊和,"朴叙俊,朴敏英,李泰焕,姜其永,黄灿盛",8,https://movie.douban.com/subject/30181455/, 韩国,"喜剧,爱情", 韩语,2018
202,大江大河,"孔笙,黄伟","王凯,杨烁,董子健,童瑶,杨立新",8.8,https://movie.douban.com/subject/26797690/, 中国大陆,剧情, 汉语普通话,2018
203,天空之城,赵贤卓,"廉晶雅,李泰兰,尹世雅,吴娜拉,金瑞亨",8.8,https://movie.douban.com/subject/30304087/, 韩国,剧情, 韩语,2018
204,梅尔罗斯,爱德华・贝尔格,"本尼迪克特・康伯巴奇,詹妮弗・杰森・李,塞巴斯蒂安・马尔茨,杰西卡・雷恩,雨果・维文",9,https://movie.douban.com/subject/26985973/, 英国,剧情, 英语,2018
205,天盛长歌,"沈严,刘海波","陈坤,倪妮,赵立新,倪大红,袁弘",8.2,https://movie.douban.com/subject/26761328/, 中国大陆,"剧情,爱情,古装", 汉语普通话,2018
206,我的大叔,金元锡,"李知恩,李善均,高斗心,宋清晨,张基龙",9.4,https://movie.douban.com/subject/27602137/, 韩国,剧情, 韩语,2018
207,西部世界 第二季,"理查德・J・刘易斯,文森佐・纳塔利,丽莎・乔・诺兰,克雷格・卓贝,塔里克・萨利赫,妮可・卡索,乌塔・布里兹维茨,斯蒂芬・威廉姆斯,弗雷德・托耶","埃文・蕾切尔・伍德,坦迪・牛顿,詹姆斯・麦斯登,吉米・辛普森,妲露拉・莱莉",8.9,https://movie.douban.com/subject/26887174/, 美国,"科幻,西部", 英语,2018
208,贴身保镖,"托马斯・文森特,约翰・史翠兰","理查德・麦登,凯莉・霍威,苏菲・兰朵,维森特・富兰克林,阿什・坦顿",8.5,https://movie.douban.com/subject/27163287/, 英国,"剧情,惊悚,犯罪", 英语,2018
209,我们这一天 第三季,"肯・奥林,克里斯・科赫,丽贝卡・爱舍","米洛・文堤米利亚,曼迪・摩尔,斯特林・K・布朗,苏珊・卡莱布・沃森,克丽丝・梅斯",9.5,https://movie.douban.com/subject/26958599/, 美国,"剧情,喜剧,爱情", 英语,2018
210,了不起的麦瑟尔夫人 第二季,埃米・谢尔曼-帕拉迪诺,"瑞秋・布罗斯纳安,迈克尔・泽根,艾利克斯・布诺斯町,托尼・夏尔赫布,玛琳・辛科",8.6,https://movie.douban.com/subject/27016555/, 美国,"剧情,喜剧", 英语,2018
211,如懿传,"汪俊,程源海","周迅,霍建华,张钧甯,李纯,辛芷蕾",7.4,https://movie.douban.com/subject/25812730/, 中国大陆,"剧情,历史,古装", 汉语普通话,2018
212,内在美,宋贤旭,"徐玄振,李民基,李多喜,安宰贤,文知茵",7.8,https://movie.douban.com/subject/30269039/, 韩国,"剧情,爱情", 韩语,2018
213,镇魂,"周远舟,谢毅航","白宇,朱一龙,辛鹏,高雨儿,李砚",6.4,https://movie.douban.com/subject/26979097/,,,,[]
214,我的ID是江南美人,崔成范,"林秀香,车银优,赵宇丽,郭东延,朴成根",7.5,https://movie.douban.com/subject/30232208/, 韩国,"剧情,爱情", 韩语,2018
215,忽而今夏,吕赢,"白宇,卜冠今,吕鹏,张书维,杨h",8.2,https://movie.douban.com/subject/27041389/, 中国大陆,剧情, 汉语普通话,2018
216,和平饭店,"李骏,白涛","陈数,雷佳音,李光洁,陶慧,张一龙",7.9,https://movie.douban.com/subject/26828285/, 中国大陆,"剧情,悬疑", 汉语普通话,2018
217,行骗天下JP,"田中亮,金井","长泽雅美,东出昌大,小日向文世,江口洋介,吉濑美智子",8.4,https://movie.douban.com/subject/27605548/, 日本,"剧情,喜剧", 日语,2018
218,我们无法成为野兽,水田伸生,"新垣结衣,松田龙平,田中圭,黑木华,菊地凛子",7.7,https://movie.douban.com/subject/30290917/, 日本,爱情, 日语,2018
219,情色小说家,三木康一郎,"竹财辉之助,猪V健太,七海奈奈,富永勇也,黑崎我",8.2,https://movie.douban.com/subject/30271241/, 日本,"剧情,同性", 日语,2018
220,实习医生格蕾 第十五季,凯文・麦克基德,"艾伦・旁派,贾斯汀・钱伯斯,钱德拉・威尔森,小詹姆斯・皮肯斯,凯文・麦克基德",9.1,https://movie.douban.com/subject/28086682/, 美国,"剧情,爱情", 英语,2018
221,大江大河,"孔笙,黄伟","王凯,杨烁,董子健,童瑶,杨立新",8.8,https://movie.douban.com/subject/26797690/, 中国大陆,剧情, 汉语普通话,2018
222,天空之城,赵贤卓,"廉晶雅,李泰兰,尹世雅,吴娜拉,金瑞亨",8.8,https://movie.douban.com/subject/30304087/, 韩国,剧情, 韩语,2018
223,梅尔罗斯,爱德华・贝尔格,"本尼迪克特・康伯巴奇,詹妮弗・杰森・李,塞巴斯蒂安・马尔茨,杰西卡・雷恩,雨果・维文",9,https://movie.douban.com/subject/26985973/, 英国,剧情, 英语,2018
224,天盛长歌,"沈严,刘海波","陈坤,倪妮,赵立新,倪大红,袁弘",8.2,https://movie.douban.com/subject/26761328/, 中国大陆,"剧情,爱情,古装", 汉语普通话,2018
225,我的大叔,金元锡,"李知恩,李善均,高斗心,宋清晨,张基龙",9.4,https://movie.douban.com/subject/27602137/, 韩国,剧情, 韩语,2018
226,西部世界 第二季,"理查德・J・刘易斯,文森佐・纳塔利,丽莎・乔・诺兰,克雷格・卓贝,塔里克・萨利赫,妮可・卡索,乌塔・布里兹维茨,斯蒂芬・威廉姆斯,弗雷德・托耶","埃文・蕾切尔・伍德,坦迪・牛顿,詹姆斯・麦斯登,吉米・辛普森,妲露拉・莱莉",8.9,https://movie.douban.com/subject/26887174/, 美国,"科幻,西部", 英语,2018
227,贴身保镖,"托马斯・文森特,约翰・史翠兰","理查德・麦登,凯莉・霍威,苏菲・兰朵,维森特・富兰克林,阿什・坦顿",8.5,https://movie.douban.com/subject/27163287/, 英国,"剧情,惊悚,犯罪", 英语,2018
228,我们这一天 第三季,"肯・奥林,克里斯・科赫,丽贝卡・爱舍","米洛・文堤米利亚,曼迪・摩尔,斯特林・K・布朗,苏珊・卡莱布・沃森,克丽丝・梅斯",9.5,https://movie.douban.com/subject/26958599/, 美国,"剧情,喜剧,爱情", 英语,2018
229,了不起的麦瑟尔夫人 第二季,埃米・谢尔曼-帕拉迪诺,"瑞秋・布罗斯纳安,迈克尔・泽根,艾利克斯・布诺斯町,托尼・夏尔赫布,玛琳・辛科",8.6,https://movie.douban.com/subject/27016555/, 美国,"剧情,喜剧", 英语,2018
230,如懿传,"汪俊,程源海","周迅,霍建华,张钧甯,李纯,辛芷蕾",7.4,https://movie.douban.com/subject/25812730/, 中国大陆,"剧情,历史,古装", 汉语普通话,2018
231,内在美,宋贤旭,"徐玄振,李民基,李多喜,安宰贤,文知茵",7.8,https://movie.douban.com/subject/30269039/, 韩国,"剧情,爱情", 韩语,2018
232,镇魂,"周远舟,谢毅航","白宇,朱一龙,辛鹏,高雨儿,李砚",6.4,https://movie.douban.com/subject/26979097/,,,,[]
233,我的ID是江南美人,崔成范,"林秀香,车银优,赵宇丽,郭东延,朴成根",7.5,https://movie.douban.com/subject/30232208/, 韩国,"剧情,爱情", 韩语,2018
234,忽而今夏,吕赢,"白宇,卜冠今,吕鹏,张书维,杨h",8.2,https://movie.douban.com/subject/27041389/, 中国大陆,剧情, 汉语普通话,2018
235,和平饭店,"李骏,白涛","陈数,雷佳音,李光洁,陶慧,张一龙",7.9,https://movie.douban.com/subject/26828285/, 中国大陆,"剧情,悬疑", 汉语普通话,2018
236,行骗天下JP,"田中亮,金井","长泽雅美,东出昌大,小日向文世,江口洋介,吉濑美智子",8.4,https://movie.douban.com/subject/27605548/, 日本,"剧情,喜剧", 日语,2018
237,我们无法成为野兽,水田伸生,"新垣结衣,松田龙平,田中圭,黑木华,菊地凛子",7.7,https://movie.douban.com/subject/30290917/, 日本,爱情, 日语,2018
238,情色小说家,三木康一郎,"竹财辉之助,猪V健太,七海奈奈,富永勇也,黑崎我",8.2,https://movie.douban.com/subject/30271241/, 日本,"剧情,同性", 日语,2018
239,实习医生格蕾 第十五季,凯文・麦克基德,"艾伦・旁派,贾斯汀・钱伯斯,钱德拉・威尔森,小詹姆斯・皮肯斯,凯文・麦克基德",9.1,https://movie.douban.com/subject/28086682/, 美国,"剧情,爱情", 英语,2018
240,人生删除事务所,"泷本智行,常广丈太","山田孝之,菅田将晖,麻生久美子,桥本爱,野田洋次郎",8.5,https://movie.douban.com/subject/30232260/, 日本,"剧情,犯罪", 日语,2018
241,天空之城,赵贤卓,"廉晶雅,李泰兰,尹世雅,吴娜拉,金瑞亨",8.8,https://movie.douban.com/subject/30304087/, 韩国,剧情, 韩语,2018
242,梅尔罗斯,爱德华・贝尔格,"本尼迪克特・康伯巴奇,詹妮弗・杰森・李,塞巴斯蒂安・马尔茨,杰西卡・雷恩,雨果・维文",9,https://movie.douban.com/subject/26985973/, 英国,剧情, 英语,2018
243,天盛长歌,"沈严,刘海波","陈坤,倪妮,赵立新,倪大红,袁弘",8.2,https://movie.douban.com/subject/26761328/, 中国大陆,"剧情,爱情,古装", 汉语普通话,2018
244,我的大叔,金元锡,"李知恩,李善均,高斗心,宋清晨,张基龙",9.4,https://movie.douban.com/subject/27602137/, 韩国,剧情, 韩语,2018
245,西部世界 第二季,"理查德・J・刘易斯,文森佐・纳塔利,丽莎・乔・诺兰,克雷格・卓贝,塔里克・萨利赫,妮可・卡索,乌塔・布里兹维茨,斯蒂芬・威廉姆斯,弗雷德・托耶","埃文・蕾切尔・伍德,坦迪・牛顿,詹姆斯・麦斯登,吉米・辛普森,妲露拉・莱莉",8.9,https://movie.douban.com/subject/26887174/, 美国,"科幻,西部", 英语,2018
246,贴身保镖,"托马斯・文森特,约翰・史翠兰","理查德・麦登,凯莉・霍威,苏菲・兰朵,维森特・富兰克林,阿什・坦顿",8.5,https://movie.douban.com/subject/27163287/, 英国,"剧情,惊悚,犯罪", 英语,2018
247,我们这一天 第三季,"肯・奥林,克里斯・科赫,丽贝卡・爱舍","米洛・文堤米利亚,曼迪・摩尔,斯特林・K・布朗,苏珊・卡莱布・沃森,克丽丝・梅斯",9.5,https://movie.douban.com/subject/26958599/, 美国,"剧情,喜剧,爱情", 英语,2018
248,了不起的麦瑟尔夫人 第二季,埃米・谢尔曼-帕拉迪诺,"瑞秋・布罗斯纳安,迈克尔・泽根,艾利克斯・布诺斯町,托尼・夏尔赫布,玛琳・辛科",8.6,https://movie.douban.com/subject/27016555/, 美国,"剧情,喜剧", 英语,2018
249,如懿传,"汪俊,程源海","周迅,霍建华,张钧甯,李纯,辛芷蕾",7.4,https://movie.douban.com/subject/25812730/, 中国大陆,"剧情,历史,古装", 汉语普通话,2018
250,内在美,宋贤旭,"徐玄振,李民基,李多喜,安宰贤,文知茵",7.8,https://movie.douban.com/subject/30269039/, 韩国,"剧情,爱情", 韩语,2018
251,镇魂,"周远舟,谢毅航","白宇,朱一龙,辛鹏,高雨儿,李砚",6.4,https://movie.douban.com/subject/26979097/,,,,[]
252,我的ID是江南美人,崔成范,"林秀香,车银优,赵宇丽,郭东延,朴成根",7.5,https://movie.douban.com/subject/30232208/, 韩国,"剧情,爱情", 韩语,2018
253,忽而今夏,吕赢,"白宇,卜冠今,吕鹏,张书维,杨h",8.2,https://movie.douban.com/subject/27041389/, 中国大陆,剧情, 汉语普通话,2018
254,和平饭店,"李骏,白涛","陈数,雷佳音,李光洁,陶慧,张一龙",7.9,https://movie.douban.com/subject/26828285/, 中国大陆,"剧情,悬疑", 汉语普通话,2018
255,行骗天下JP,"田中亮,金井","长泽雅美,东出昌大,小日向文世,江口洋介,吉濑美智子",8.4,https://movie.douban.com/subject/27605548/, 日本,"剧情,喜剧", 日语,2018
256,我们无法成为野兽,水田伸生,"新垣结衣,松田龙平,田中圭,黑木华,菊地凛子",7.7,https://movie.douban.com/subject/30290917/, 日本,爱情, 日语,2018
257,情色小说家,三木康一郎,"竹财辉之助,猪V健太,七海奈奈,富永勇也,黑崎我",8.2,https://movie.douban.com/subject/30271241/, 日本,"剧情,同性", 日语,2018
258,实习医生格蕾 第十五季,凯文・麦克基德,"艾伦・旁派,贾斯汀・钱伯斯,钱德拉・威尔森,小詹姆斯・皮肯斯,凯文・麦克基德",9.1,https://movie.douban.com/subject/28086682/, 美国,"剧情,爱情", 英语,2018
259,人生删除事务所,"泷本智行,常广丈太","山田孝之,菅田将晖,麻生久美子,桥本爱,野田洋次郎",8.5,https://movie.douban.com/subject/30232260/, 日本,"剧情,犯罪", 日语,2018
260,经常请吃饭的漂亮姐姐,安畔锡,"孙艺珍,丁海寅,李珠英,吴龙,魏河俊",7.7,https://movie.douban.com/subject/27663984/, 韩国,"剧情,爱情", 韩语,2018
261,梅尔罗斯,爱德华・贝尔格,"本尼迪克特・康伯巴奇,詹妮弗・杰森・李,塞巴斯蒂安・马尔茨,杰西卡・雷恩,雨果・维文",9,https://movie.douban.com/subject/26985973/, 英国,剧情, 英语,2018
262,天盛长歌,"沈严,刘海波","陈坤,倪妮,赵立新,倪大红,袁弘",8.2,https://movie.douban.com/subject/26761328/, 中国大陆,"剧情,爱情,古装", 汉语普通话,2018
263,我的大叔,金元锡,"李知恩,李善均,高斗心,宋清晨,张基龙",9.4,https://movie.douban.com/subject/27602137/, 韩国,剧情, 韩语,2018
264,西部世界 第二季,"理查德・J・刘易斯,文森佐・纳塔利,丽莎・乔・诺兰,克雷格・卓贝,塔里克・萨利赫,妮可・卡索,乌塔・布里兹维茨,斯蒂芬・威廉姆斯,弗雷德・托耶","埃文・蕾切尔・伍德,坦迪・牛顿,詹姆斯・麦斯登,吉米・辛普森,妲露拉・莱莉",8.9,https://movie.douban.com/subject/26887174/, 美国,"科幻,西部", 英语,2018
265,贴身保镖,"托马斯・文森特,约翰・史翠兰","理查德・麦登,凯莉・霍威,苏菲・兰朵,维森特・富兰克林,阿什・坦顿",8.5,https://movie.douban.com/subject/27163287/, 英国,"剧情,惊悚,犯罪", 英语,2018
266,我们这一天 第三季,"肯・奥林,克里斯・科赫,丽贝卡・爱舍","米洛・文堤米利亚,曼迪・摩尔,斯特林・K・布朗,苏珊・卡莱布・沃森,克丽丝・梅斯",9.5,https://movie.douban.com/subject/26958599/, 美国,"剧情,喜剧,爱情", 英语,2018
267,了不起的麦瑟尔夫人 第二季,埃米・谢尔曼-帕拉迪诺,"瑞秋・布罗斯纳安,迈克尔・泽根,艾利克斯・布诺斯町,托尼・夏尔赫布,玛琳・辛科",8.6,https://movie.douban.com/subject/27016555/, 美国,"剧情,喜剧", 英语,2018
268,如懿传,"汪俊,程源海","周迅,霍建华,张钧甯,李纯,辛芷蕾",7.4,https://movie.douban.com/subject/25812730/, 中国大陆,"剧情,历史,古装", 汉语普通话,2018
269,内在美,宋贤旭,"徐玄振,李民基,李多喜,安宰贤,文知茵",7.8,https://movie.douban.com/subject/30269039/, 韩国,"剧情,爱情", 韩语,2018
270,镇魂,"周远舟,谢毅航","白宇,朱一龙,辛鹏,高雨儿,李砚",6.4,https://movie.douban.com/subject/26979097/,,,,[]
271,我的ID是江南美人,崔成范,"林秀香,车银优,赵宇丽,郭东延,朴成根",7.5,https://movie.douban.com/subject/30232208/, 韩国,"剧情,爱情", 韩语,2018
272,忽而今夏,吕赢,"白宇,卜冠今,吕鹏,张书维,杨h",8.2,https://movie.douban.com/subject/27041389/, 中国大陆,剧情, 汉语普通话,2018
273,和平饭店,"李骏,白涛","陈数,雷佳音,李光洁,陶慧,张一龙",7.9,https://movie.douban.com/subject/26828285/, 中国大陆,"剧情,悬疑", 汉语普通话,2018
274,行骗天下JP,"田中亮,金井","长泽雅美,东出昌大,小日向文世,江口洋介,吉濑美智子",8.4,https://movie.douban.com/subject/27605548/, 日本,"剧情,喜剧", 日语,2018
275,我们无法成为野兽,水田伸生,"新垣结衣,松田龙平,田中圭,黑木华,菊地凛子",7.7,https://movie.douban.com/subject/30290917/, 日本,爱情, 日语,2018
276,情色小说家,三木康一郎,"竹财辉之助,猪V健太,七海奈奈,富永勇也,黑崎我",8.2,https://movie.douban.com/subject/30271241/, 日本,"剧情,同性", 日语,2018
277,实习医生格蕾 第十五季,凯文・麦克基德,"艾伦・旁派,贾斯汀・钱伯斯,钱德拉・威尔森,小詹姆斯・皮肯斯,凯文・麦克基德",9.1,https://movie.douban.com/subject/28086682/, 美国,"剧情,爱情", 英语,2018
278,人生删除事务所,"泷本智行,常广丈太","山田孝之,菅田将晖,麻生久美子,桥本爱,野田洋次郎",8.5,https://movie.douban.com/subject/30232260/, 日本,"剧情,犯罪", 日语,2018
279,经常请吃饭的漂亮姐姐,安畔锡,"孙艺珍,丁海寅,李珠英,吴龙,魏河俊",7.7,https://movie.douban.com/subject/27663984/, 韩国,"剧情,爱情", 韩语,2018
280,结爱・千岁大人的初恋,"陈正道,许肇任","宋茜,黄景瑜,徐开骋,李,江奇霖",7.1,https://movie.douban.com/subject/27107131/, 中国大陆,"爱情,奇幻", 汉语普通话,2018
281,天盛长歌,"沈严,刘海波","陈坤,倪妮,赵立新,倪大红,袁弘",8.2,https://movie.douban.com/subject/26761328/, 中国大陆,"剧情,爱情,古装", 汉语普通话,2018
282,我的大叔,金元锡,"李知恩,李善均,高斗心,宋清晨,张基龙",9.4,https://movie.douban.com/subject/27602137/, 韩国,剧情, 韩语,2018
283,西部世界 第二季,"理查德・J・刘易斯,文森佐・纳塔利,丽莎・乔・诺兰,克雷格・卓贝,塔里克・萨利赫,妮可・卡索,乌塔・布里兹维茨,斯蒂芬・威廉姆斯,弗雷德・托耶","埃文・蕾切尔・伍德,坦迪・牛顿,詹姆斯・麦斯登,吉米・辛普森,妲露拉・莱莉",8.9,https://movie.douban.com/subject/26887174/, 美国,"科幻,西部", 英语,2018
284,贴身保镖,"托马斯・文森特,约翰・史翠兰","理查德・麦登,凯莉・霍威,苏菲・兰朵,维森特・富兰克林,阿什・坦顿",8.5,https://movie.douban.com/subject/27163287/, 英国,"剧情,惊悚,犯罪", 英语,2018
285,我们这一天 第三季,"肯・奥林,克里斯・科赫,丽贝卡・爱舍","米洛・文堤米利亚,曼迪・摩尔,斯特林・K・布朗,苏珊・卡莱布・沃森,克丽丝・梅斯",9.5,https://movie.douban.com/subject/26958599/, 美国,"剧情,喜剧,爱情", 英语,2018
286,了不起的麦瑟尔夫人 第二季,埃米・谢尔曼-帕拉迪诺,"瑞秋・布罗斯纳安,迈克尔・泽根,艾利克斯・布诺斯町,托尼・夏尔赫布,玛琳・辛科",8.6,https://movie.douban.com/subject/27016555/, 美国,"剧情,喜剧", 英语,2018
287,如懿传,"汪俊,程源海","周迅,霍建华,张钧甯,李纯,辛芷蕾",7.4,https://movie.douban.com/subject/25812730/, 中国大陆,"剧情,历史,古装", 汉语普通话,2018
288,内在美,宋贤旭,"徐玄振,李民基,李多喜,安宰贤,文知茵",7.8,https://movie.douban.com/subject/30269039/, 韩国,"剧情,爱情", 韩语,2018
289,镇魂,"周远舟,谢毅航","白宇,朱一龙,辛鹏,高雨儿,李砚",6.4,https://movie.douban.com/subject/26979097/,,,,[]
290,我的ID是江南美人,崔成范,"林秀香,车银优,赵宇丽,郭东延,朴成根",7.5,https://movie.douban.com/subject/30232208/, 韩国,"剧情,爱情", 韩语,2018
291,忽而今夏,吕赢,"白宇,卜冠今,吕鹏,张书维,杨h",8.2,https://movie.douban.com/subject/27041389/, 中国大陆,剧情, 汉语普通话,2018
292,和平饭店,"李骏,白涛","陈数,雷佳音,李光洁,陶慧,张一龙",7.9,https://movie.douban.com/subject/26828285/, 中国大陆,"剧情,悬疑", 汉语普通话,2018
293,行骗天下JP,"田中亮,金井","长泽雅美,东出昌大,小日向文世,江口洋介,吉濑美智子",8.4,https://movie.douban.com/subject/27605548/, 日本,"剧情,喜剧", 日语,2018
294,我们无法成为野兽,水田伸生,"新垣结衣,松田龙平,田中圭,黑木华,菊地凛子",7.7,https://movie.douban.com/subject/30290917/, 日本,爱情, 日语,2018
295,情色小说家,三木康一郎,"竹财辉之助,猪V健太,七海奈奈,富永勇也,黑崎我",8.2,https://movie.douban.com/subject/30271241/, 日本,"剧情,同性", 日语,2018
296,实习医生格蕾 第十五季,凯文・麦克基德,"艾伦・旁派,贾斯汀・钱伯斯,钱德拉・威尔森,小詹姆斯・皮肯斯,凯文・麦克基德",9.1,https://movie.douban.com/subject/28086682/, 美国,"剧情,爱情", 英语,2018
297,人生删除事务所,"泷本智行,常广丈太","山田孝之,菅田将晖,麻生久美子,桥本爱,野田洋次郎",8.5,https://movie.douban.com/subject/30232260/, 日本,"剧情,犯罪", 日语,2018
298,经常请吃饭的漂亮姐姐,安畔锡,"孙艺珍,丁海寅,李珠英,吴龙,魏河俊",7.7,https://movie.douban.com/subject/27663984/, 韩国,"剧情,爱情", 韩语,2018
299,结爱・千岁大人的初恋,"陈正道,许肇任","宋茜,黄景瑜,徐开骋,李,江奇霖",7.1,https://movie.douban.com/subject/27107131/, 中国大陆,"爱情,奇幻", 汉语普通话,2018
300,火星生活,李政孝,"郑京浩,朴圣雄,高雅星,吴代焕,卢宗贤",9,https://movie.douban.com/subject/27622822/, 韩国,"科幻,悬疑,犯罪", 韩语,2018
301,我的大叔,金元锡,"李知恩,李善均,高斗心,宋清晨,张基龙",9.4,https://movie.douban.com/subject/27602137/, 韩国,剧情, 韩语,2018
302,西部世界 第二季,"理查德・J・刘易斯,文森佐・纳塔利,丽莎・乔・诺兰,克雷格・卓贝,塔里克・萨利赫,妮可・卡索,乌塔・布里兹维茨,斯蒂芬・威廉姆斯,弗雷德・托耶","埃文・蕾切尔・伍德,坦迪・牛顿,詹姆斯・麦斯登,吉米・辛普森,妲露拉・莱莉",8.9,https://movie.douban.com/subject/26887174/, 美国,"科幻,西部", 英语,2018
303,贴身保镖,"托马斯・文森特,约翰・史翠兰","理查德・麦登,凯莉・霍威,苏菲・兰朵,维森特・富兰克林,阿什・坦顿",8.5,https://movie.douban.com/subject/27163287/, 英国,"剧情,惊悚,犯罪", 英语,2018
304,我们这一天 第三季,"肯・奥林,克里斯・科赫,丽贝卡・爱舍","米洛・文堤米利亚,曼迪・摩尔,斯特林・K・布朗,苏珊・卡莱布・沃森,克丽丝・梅斯",9.5,https://movie.douban.com/subject/26958599/, 美国,"剧情,喜剧,爱情", 英语,2018
305,了不起的麦瑟尔夫人 第二季,埃米・谢尔曼-帕拉迪诺,"瑞秋・布罗斯纳安,迈克尔・泽根,艾利克斯・布诺斯町,托尼・夏尔赫布,玛琳・辛科",8.6,https://movie.douban.com/subject/27016555/, 美国,"剧情,喜剧", 英语,2018
306,如懿传,"汪俊,程源海","周迅,霍建华,张钧甯,李纯,辛芷蕾",7.4,https://movie.douban.com/subject/25812730/, 中国大陆,"剧情,历史,古装", 汉语普通话,2018
307,内在美,宋贤旭,"徐玄振,李民基,李多喜,安宰贤,文知茵",7.8,https://movie.douban.com/subject/30269039/, 韩国,"剧情,爱情", 韩语,2018
308,镇魂,"周远舟,谢毅航","白宇,朱一龙,辛鹏,高雨儿,李砚",6.4,https://movie.douban.com/subject/26979097/,,,,[]
309,我的ID是江南美人,崔成范,"林秀香,车银优,赵宇丽,郭东延,朴成根",7.5,https://movie.douban.com/subject/30232208/, 韩国,"剧情,爱情", 韩语,2018
310,忽而今夏,吕赢,"白宇,卜冠今,吕鹏,张书维,杨h",8.2,https://movie.douban.com/subject/27041389/, 中国大陆,剧情, 汉语普通话,2018
311,和平饭店,"李骏,白涛","陈数,雷佳音,李光洁,陶慧,张一龙",7.9,https://movie.douban.com/subject/26828285/, 中国大陆,"剧情,悬疑", 汉语普通话,2018
312,行骗天下JP,"田中亮,金井","长泽雅美,东出昌大,小日向文世,江口洋介,吉濑美智子",8.4,https://movie.douban.com/subject/27605548/, 日本,"剧情,喜剧", 日语,2018
313,我们无法成为野兽,水田伸生,"新垣结衣,松田龙平,田中圭,黑木华,菊地凛子",7.7,https://movie.douban.com/subject/30290917/, 日本,爱情, 日语,2018
314,情色小说家,三木康一郎,"竹财辉之助,猪V健太,七海奈奈,富永勇也,黑崎我",8.2,https://movie.douban.com/subject/30271241/, 日本,"剧情,同性", 日语,2018
315,实习医生格蕾 第十五季,凯文・麦克基德,"艾伦・旁派,贾斯汀・钱伯斯,钱德拉・威尔森,小詹姆斯・皮肯斯,凯文・麦克基德",9.1,https://movie.douban.com/subject/28086682/, 美国,"剧情,爱情", 英语,2018
316,人生删除事务所,"泷本智行,常广丈太","山田孝之,菅田将晖,麻生久美子,桥本爱,野田洋次郎",8.5,https://movie.douban.com/subject/30232260/, 日本,"剧情,犯罪", 日语,2018
317,经常请吃饭的漂亮姐姐,安畔锡,"孙艺珍,丁海寅,李珠英,吴龙,魏河俊",7.7,https://movie.douban.com/subject/27663984/, 韩国,"剧情,爱情", 韩语,2018
318,结爱・千岁大人的初恋,"陈正道,许肇任","宋茜,黄景瑜,徐开骋,李,江奇霖",7.1,https://movie.douban.com/subject/27107131/, 中国大陆,"爱情,奇幻", 汉语普通话,2018
319,火星生活,李政孝,"郑京浩,朴圣雄,高雅星,吴代焕,卢宗贤",9,https://movie.douban.com/subject/27622822/, 韩国,"科幻,悬疑,犯罪", 韩语,2018
320,无耻之徒(美版) 第九季,"马克・米罗,伊恩・B・麦克唐纳,约翰・威尔斯","威廉姆・H・梅西,埃米・罗森,伊森・卡特科斯基,珊诺拉・汉普顿,杰瑞米・艾伦・怀特",9.7,https://movie.douban.com/subject/27194302/, 美国,"剧情,喜剧", 英语,2018
321,西部世界 第二季,"理查德・J・刘易斯,文森佐・纳塔利,丽莎・乔・诺兰,克雷格・卓贝,塔里克・萨利赫,妮可・卡索,乌塔・布里兹维茨,斯蒂芬・威廉姆斯,弗雷德・托耶","埃文・蕾切尔・伍德,坦迪・牛顿,詹姆斯・麦斯登,吉米・辛普森,妲露拉・莱莉",8.9,https://movie.douban.com/subject/26887174/, 美国,"科幻,西部", 英语,2018
322,贴身保镖,"托马斯・文森特,约翰・史翠兰","理查德・麦登,凯莉・霍威,苏菲・兰朵,维森特・富兰克林,阿什・坦顿",8.5,https://movie.douban.com/subject/27163287/, 英国,"剧情,惊悚,犯罪", 英语,2018
323,我们这一天 第三季,"肯・奥林,克里斯・科赫,丽贝卡・爱舍","米洛・文堤米利亚,曼迪・摩尔,斯特林・K・布朗,苏珊・卡莱布・沃森,克丽丝・梅斯",9.5,https://movie.douban.com/subject/26958599/, 美国,"剧情,喜剧,爱情", 英语,2018
324,了不起的麦瑟尔夫人 第二季,埃米・谢尔曼-帕拉迪诺,"瑞秋・布罗斯纳安,迈克尔・泽根,艾利克斯・布诺斯町,托尼・夏尔赫布,玛琳・辛科",8.6,https://movie.douban.com/subject/27016555/, 美国,"剧情,喜剧", 英语,2018
325,如懿传,"汪俊,程源海","周迅,霍建华,张钧甯,李纯,辛芷蕾",7.4,https://movie.douban.com/subject/25812730/, 中国大陆,"剧情,历史,古装", 汉语普通话,2018
326,内在美,宋贤旭,"徐玄振,李民基,李多喜,安宰贤,文知茵",7.8,https://movie.douban.com/subject/30269039/, 韩国,"剧情,爱情", 韩语,2018
327,镇魂,"周远舟,谢毅航","白宇,朱一龙,辛鹏,高雨儿,李砚",6.4,https://movie.douban.com/subject/26979097/,,,,[]
328,我的ID是江南美人,崔成范,"林秀香,车银优,赵宇丽,郭东延,朴成根",7.5,https://movie.douban.com/subject/30232208/, 韩国,"剧情,爱情", 韩语,2018
329,忽而今夏,吕赢,"白宇,卜冠今,吕鹏,张书维,杨h",8.2,https://movie.douban.com/subject/27041389/, 中国大陆,剧情, 汉语普通话,2018
330,和平饭店,"李骏,白涛","陈数,雷佳音,李光洁,陶慧,张一龙",7.9,https://movie.douban.com/subject/26828285/, 中国大陆,"剧情,悬疑", 汉语普通话,2018
331,行骗天下JP,"田中亮,金井","长泽雅美,东出昌大,小日向文世,江口洋介,吉濑美智子",8.4,https://movie.douban.com/subject/27605548/, 日本,"剧情,喜剧", 日语,2018
332,我们无法成为野兽,水田伸生,"新垣结衣,松田龙平,田中圭,黑木华,菊地凛子",7.7,https://movie.douban.com/subject/30290917/, 日本,爱情, 日语,2018
333,情色小说家,三木康一郎,"竹财辉之助,猪V健太,七海奈奈,富永勇也,黑崎我",8.2,https://movie.douban.com/subject/30271241/, 日本,"剧情,同性", 日语,2018
334,实习医生格蕾 第十五季,凯文・麦克基德,"艾伦・旁派,贾斯汀・钱伯斯,钱德拉・威尔森,小詹姆斯・皮肯斯,凯文・麦克基德",9.1,https://movie.douban.com/subject/28086682/, 美国,"剧情,爱情", 英语,2018
335,人生删除事务所,"泷本智行,常广丈太","山田孝之,菅田将晖,麻生久美子,桥本爱,野田洋次郎",8.5,https://movie.douban.com/subject/30232260/, 日本,"剧情,犯罪", 日语,2018
336,经常请吃饭的漂亮姐姐,安畔锡,"孙艺珍,丁海寅,李珠英,吴龙,魏河俊",7.7,https://movie.douban.com/subject/27663984/, 韩国,"剧情,爱情", 韩语,2018
337,结爱・千岁大人的初恋,"陈正道,许肇任","宋茜,黄景瑜,徐开骋,李,江奇霖",7.1,https://movie.douban.com/subject/27107131/, 中国大陆,"爱情,奇幻", 汉语普通话,2018
338,火星生活,李政孝,"郑京浩,朴圣雄,高雅星,吴代焕,卢宗贤",9,https://movie.douban.com/subject/27622822/, 韩国,"科幻,悬疑,犯罪", 韩语,2018
339,无耻之徒(美版) 第九季,"马克・米罗,伊恩・B・麦克唐纳,约翰・威尔斯","威廉姆・H・梅西,埃米・罗森,伊森・卡特科斯基,珊诺拉・汉普顿,杰瑞米・艾伦・怀特",9.7,https://movie.douban.com/subject/27194302/, 美国,"剧情,喜剧", 英语,2018
340,傲骨之战 第二季,"吉姆・麦凯,小詹姆斯・惠特摩","克里斯汀・芭伦斯基,库什・珍宝,露丝・莱斯利,萨拉・斯蒂尔,贾斯汀・巴萨",9.5,https://movie.douban.com/subject/26997533/, 美国,剧情, 英语,2018
341,贴身保镖,"托马斯・文森特,约翰・史翠兰","理查德・麦登,凯莉・霍威,苏菲・兰朵,维森特・富兰克林,阿什・坦顿",8.5,https://movie.douban.com/subject/27163287/, 英国,"剧情,惊悚,犯罪", 英语,2018
342,我们这一天 第三季,"肯・奥林,克里斯・科赫,丽贝卡・爱舍","米洛・文堤米利亚,曼迪・摩尔,斯特林・K・布朗,苏珊・卡莱布・沃森,克丽丝・梅斯",9.5,https://movie.douban.com/subject/26958599/, 美国,"剧情,喜剧,爱情", 英语,2018
343,了不起的麦瑟尔夫人 第二季,埃米・谢尔曼-帕拉迪诺,"瑞秋・布罗斯纳安,迈克尔・泽根,艾利克斯・布诺斯町,托尼・夏尔赫布,玛琳・辛科",8.6,https://movie.douban.com/subject/27016555/, 美国,"剧情,喜剧", 英语,2018
344,如懿传,"汪俊,程源海","周迅,霍建华,张钧甯,李纯,辛芷蕾",7.4,https://movie.douban.com/subject/25812730/, 中国大陆,"剧情,历史,古装", 汉语普通话,2018
345,内在美,宋贤旭,"徐玄振,李民基,李多喜,安宰贤,文知茵",7.8,https://movie.douban.com/subject/30269039/, 韩国,"剧情,爱情", 韩语,2018
346,镇魂,"周远舟,谢毅航","白宇,朱一龙,辛鹏,高雨儿,李砚",6.4,https://movie.douban.com/subject/26979097/,,,,[]
347,我的ID是江南美人,崔成范,"林秀香,车银优,赵宇丽,郭东延,朴成根",7.5,https://movie.douban.com/subject/30232208/, 韩国,"剧情,爱情", 韩语,2018
348,忽而今夏,吕赢,"白宇,卜冠今,吕鹏,张书维,杨h",8.2,https://movie.douban.com/subject/27041389/, 中国大陆,剧情, 汉语普通话,2018
349,和平饭店,"李骏,白涛","陈数,雷佳音,李光洁,陶慧,张一龙",7.9,https://movie.douban.com/subject/26828285/, 中国大陆,"剧情,悬疑", 汉语普通话,2018
350,行骗天下JP,"田中亮,金井","长泽雅美,东出昌大,小日向文世,江口洋介,吉濑美智子",8.4,https://movie.douban.com/subject/27605548/, 日本,"剧情,喜剧", 日语,2018
351,我们无法成为野兽,水田伸生,"新垣结衣,松田龙平,田中圭,黑木华,菊地凛子",7.7,https://movie.douban.com/subject/30290917/, 日本,爱情, 日语,2018
352,情色小说家,三木康一郎,"竹财辉之助,猪V健太,七海奈奈,富永勇也,黑崎我",8.2,https://movie.douban.com/subject/30271241/, 日本,"剧情,同性", 日语,2018
353,实习医生格蕾 第十五季,凯文・麦克基德,"艾伦・旁派,贾斯汀・钱伯斯,钱德拉・威尔森,小詹姆斯・皮肯斯,凯文・麦克基德",9.1,https://movie.douban.com/subject/28086682/, 美国,"剧情,爱情", 英语,2018
354,人生删除事务所,"泷本智行,常广丈太","山田孝之,菅田将晖,麻生久美子,桥本爱,野田洋次郎",8.5,https://movie.douban.com/subject/30232260/, 日本,"剧情,犯罪", 日语,2018
355,经常请吃饭的漂亮姐姐,安畔锡,"孙艺珍,丁海寅,李珠英,吴龙,魏河俊",7.7,https://movie.douban.com/subject/27663984/, 韩国,"剧情,爱情", 韩语,2018
356,结爱・千岁大人的初恋,"陈正道,许肇任","宋茜,黄景瑜,徐开骋,李,江奇霖",7.1,https://movie.douban.com/subject/27107131/, 中国大陆,"爱情,奇幻", 汉语普通话,2018
357,火星生活,李政孝,"郑京浩,朴圣雄,高雅星,吴代焕,卢宗贤",9,https://movie.douban.com/subject/27622822/, 韩国,"科幻,悬疑,犯罪", 韩语,2018
358,无耻之徒(美版) 第九季,"马克・米罗,伊恩・B・麦克唐纳,约翰・威尔斯","威廉姆・H・梅西,埃米・罗森,伊森・卡特科斯基,珊诺拉・汉普顿,杰瑞米・艾伦・怀特",9.7,https://movie.douban.com/subject/27194302/, 美国,"剧情,喜剧", 英语,2018
359,傲骨之战 第二季,"吉姆・麦凯,小詹姆斯・惠特摩","克里斯汀・芭伦斯基,库什・珍宝,露丝・莱斯利,萨拉・斯蒂尔,贾斯汀・巴萨",9.5,https://movie.douban.com/subject/26997533/, 美国,剧情, 英语,2018
360,少年犯 第一季,彼得・福特,"亚历克斯・墨菲,克里斯・瓦利,詹妮弗・巴里,希拉里・罗斯,多米尼克・麦克海尔",9.1,https://movie.douban.com/subject/30145148/, 英国 / 爱尔兰,喜剧, 英语,2018
361,我们这一天 第三季,"肯・奥林,克里斯・科赫,丽贝卡・爱舍","米洛・文堤米利亚,曼迪・摩尔,斯特林・K・布朗,苏珊・卡莱布・沃森,克丽丝・梅斯",9.5,https://movie.douban.com/subject/26958599/, 美国,"剧情,喜剧,爱情", 英语,2018
362,了不起的麦瑟尔夫人 第二季,埃米・谢尔曼-帕拉迪诺,"瑞秋・布罗斯纳安,迈克尔・泽根,艾利克斯・布诺斯町,托尼・夏尔赫布,玛琳・辛科",8.6,https://movie.douban.com/subject/27016555/, 美国,"剧情,喜剧", 英语,2018
363,如懿传,"汪俊,程源海","周迅,霍建华,张钧甯,李纯,辛芷蕾",7.4,https://movie.douban.com/subject/25812730/, 中国大陆,"剧情,历史,古装", 汉语普通话,2018
364,内在美,宋贤旭,"徐玄振,李民基,李多喜,安宰贤,文知茵",7.8,https://movie.douban.com/subject/30269039/, 韩国,"剧情,爱情", 韩语,2018
365,镇魂,"周远舟,谢毅航","白宇,朱一龙,辛鹏,高雨儿,李砚",6.4,https://movie.douban.com/subject/26979097/,,,,[]
366,我的ID是江南美人,崔成范,"林秀香,车银优,赵宇丽,郭东延,朴成根",7.5,https://movie.douban.com/subject/30232208/, 韩国,"剧情,爱情", 韩语,2018
367,忽而今夏,吕赢,"白宇,卜冠今,吕鹏,张书维,杨h",8.2,https://movie.douban.com/subject/27041389/, 中国大陆,剧情, 汉语普通话,2018
368,和平饭店,"李骏,白涛","陈数,雷佳音,李光洁,陶慧,张一龙",7.9,https://movie.douban.com/subject/26828285/, 中国大陆,"剧情,悬疑", 汉语普通话,2018
369,行骗天下JP,"田中亮,金井","长泽雅美,东出昌大,小日向文世,江口洋介,吉濑美智子",8.4,https://movie.douban.com/subject/27605548/, 日本,"剧情,喜剧", 日语,2018
370,我们无法成为野兽,水田伸生,"新垣结衣,松田龙平,田中圭,黑木华,菊地凛子",7.7,https://movie.douban.com/subject/30290917/, 日本,爱情, 日语,2018
371,情色小说家,三木康一郎,"竹财辉之助,猪V健太,七海奈奈,富永勇也,黑崎我",8.2,https://movie.douban.com/subject/30271241/, 日本,"剧情,同性", 日语,2018
372,实习医生格蕾 第十五季,凯文・麦克基德,"艾伦・旁派,贾斯汀・钱伯斯,钱德拉・威尔森,小詹姆斯・皮肯斯,凯文・麦克基德",9.1,https://movie.douban.com/subject/28086682/, 美国,"剧情,爱情", 英语,2018
373,人生删除事务所,"泷本智行,常广丈太","山田孝之,菅田将晖,麻生久美子,桥本爱,野田洋次郎",8.5,https://movie.douban.com/subject/30232260/, 日本,"剧情,犯罪", 日语,2018
374,经常请吃饭的漂亮姐姐,安畔锡,"孙艺珍,丁海寅,李珠英,吴龙,魏河俊",7.7,https://movie.douban.com/subject/27663984/, 韩国,"剧情,爱情", 韩语,2018
375,结爱・千岁大人的初恋,"陈正道,许肇任","宋茜,黄景瑜,徐开骋,李,江奇霖",7.1,https://movie.douban.com/subject/27107131/, 中国大陆,"爱情,奇幻", 汉语普通话,2018
376,火星生活,李政孝,"郑京浩,朴圣雄,高雅星,吴代焕,卢宗贤",9,https://movie.douban.com/subject/27622822/, 韩国,"科幻,悬疑,犯罪", 韩语,2018
377,无耻之徒(美版) 第九季,"马克・米罗,伊恩・B・麦克唐纳,约翰・威尔斯","威廉姆・H・梅西,埃米・罗森,伊森・卡特科斯基,珊诺拉・汉普顿,杰瑞米・艾伦・怀特",9.7,https://movie.douban.com/subject/27194302/, 美国,"剧情,喜剧", 英语,2018
378,傲骨之战 第二季,"吉姆・麦凯,小詹姆斯・惠特摩","克里斯汀・芭伦斯基,库什・珍宝,露丝・莱斯利,萨拉・斯蒂尔,贾斯汀・巴萨",9.5,https://movie.douban.com/subject/26997533/, 美国,剧情, 英语,2018
379,少年犯 第一季,彼得・福特,"亚历克斯・墨菲,克里斯・瓦利,詹妮弗・巴里,希拉里・罗斯,多米尼克・麦克海尔",9.1,https://movie.douban.com/subject/30145148/, 英国 / 爱尔兰,喜剧, 英语,2018
380,天坑鹰猎,"成志超,戴小哲,田少波","王俊凯,文淇,蒋依依,叶筱玮,郑好",7.6,https://movie.douban.com/subject/27119802/, 中国大陆,"剧情,悬疑,冒险", 汉语普通话,2018
381,了不起的麦瑟尔夫人 第二季,埃米・谢尔曼-帕拉迪诺,"瑞秋・布罗斯纳安,迈克尔・泽根,艾利克斯・布诺斯町,托尼・夏尔赫布,玛琳・辛科",8.6,https://movie.douban.com/subject/27016555/, 美国,"剧情,喜剧", 英语,2018
382,如懿传,"汪俊,程源海","周迅,霍建华,张钧甯,李纯,辛芷蕾",7.4,https://movie.douban.com/subject/25812730/, 中国大陆,"剧情,历史,古装", 汉语普通话,2018
383,内在美,宋贤旭,"徐玄振,李民基,李多喜,安宰贤,文知茵",7.8,https://movie.douban.com/subject/30269039/, 韩国,"剧情,爱情", 韩语,2018
384,镇魂,"周远舟,谢毅航","白宇,朱一龙,辛鹏,高雨儿,李砚",6.4,https://movie.douban.com/subject/26979097/,,,,[]
385,我的ID是江南美人,崔成范,"林秀香,车银优,赵宇丽,郭东延,朴成根",7.5,https://movie.douban.com/subject/30232208/, 韩国,"剧情,爱情", 韩语,2018
386,忽而今夏,吕赢,"白宇,卜冠今,吕鹏,张书维,杨h",8.2,https://movie.douban.com/subject/27041389/, 中国大陆,剧情, 汉语普通话,2018
387,和平饭店,"李骏,白涛","陈数,雷佳音,李光洁,陶慧,张一龙",7.9,https://movie.douban.com/subject/26828285/, 中国大陆,"剧情,悬疑", 汉语普通话,2018
388,行骗天下JP,"田中亮,金井","长泽雅美,东出昌大,小日向文世,江口洋介,吉濑美智子",8.4,https://movie.douban.com/subject/27605548/, 日本,"剧情,喜剧", 日语,2018
389,我们无法成为野兽,水田伸生,"新垣结衣,松田龙平,田中圭,黑木华,菊地凛子",7.7,https://movie.douban.com/subject/30290917/, 日本,爱情, 日语,2018
390,情色小说家,三木康一郎,"竹财辉之助,猪V健太,七海奈奈,富永勇也,黑崎我",8.2,https://movie.douban.com/subject/30271241/, 日本,"剧情,同性", 日语,2018
391,实习医生格蕾 第十五季,凯文・麦克基德,"艾伦・旁派,贾斯汀・钱伯斯,钱德拉・威尔森,小詹姆斯・皮肯斯,凯文・麦克基德",9.1,https://movie.douban.com/subject/28086682/, 美国,"剧情,爱情", 英语,2018
392,人生删除事务所,"泷本智行,常广丈太","山田孝之,菅田将晖,麻生久美子,桥本爱,野田洋次郎",8.5,https://movie.douban.com/subject/30232260/, 日本,"剧情,犯罪", 日语,2018
393,经常请吃饭的漂亮姐姐,安畔锡,"孙艺珍,丁海寅,李珠英,吴龙,魏河俊",7.7,https://movie.douban.com/subject/27663984/, 韩国,"剧情,爱情", 韩语,2018
394,结爱・千岁大人的初恋,"陈正道,许肇任","宋茜,黄景瑜,徐开骋,李,江奇霖",7.1,https://movie.douban.com/subject/27107131/, 中国大陆,"爱情,奇幻", 汉语普通话,2018
395,火星生活,李政孝,"郑京浩,朴圣雄,高雅星,吴代焕,卢宗贤",9,https://movie.douban.com/subject/27622822/, 韩国,"科幻,悬疑,犯罪", 韩语,2018
396,无耻之徒(美版) 第九季,"马克・米罗,伊恩・B・麦克唐纳,约翰・威尔斯","威廉姆・H・梅西,埃米・罗森,伊森・卡特科斯基,珊诺拉・汉普顿,杰瑞米・艾伦・怀特",9.7,https://movie.douban.com/subject/27194302/, 美国,"剧情,喜剧", 英语,2018
397,傲骨之战 第二季,"吉姆・麦凯,小詹姆斯・惠特摩","克里斯汀・芭伦斯基,库什・珍宝,露丝・莱斯利,萨拉・斯蒂尔,贾斯汀・巴萨",9.5,https://movie.douban.com/subject/26997533/, 美国,剧情, 英语,2018
398,少年犯 第一季,彼得・福特,"亚历克斯・墨菲,克里斯・瓦利,詹妮弗・巴里,希拉里・罗斯,多米尼克・麦克海尔",9.1,https://movie.douban.com/subject/30145148/, 英国 / 爱尔兰,喜剧, 英语,2018
399,天坑鹰猎,"成志超,戴小哲,田少波","王俊凯,文淇,蒋依依,叶筱玮,郑好",7.6,https://movie.douban.com/subject/27119802/, 中国大陆,"剧情,悬疑,冒险", 汉语普通话,2018
400,鬼入侵 第一季,迈克・弗拉纳根,"麦肯娜・格瑞丝,卡拉・古奇诺,米契尔・哈思曼,蒂莫西・赫顿,维奥莱特・麦格劳",8.7,https://movie.douban.com/subject/27016554/, 美国,"悬疑,惊悚,恐怖", 英语,2018
401,如懿传,"汪俊,程源海","周迅,霍建华,张钧甯,李纯,辛芷蕾",7.4,https://movie.douban.com/subject/25812730/, 中国大陆,"剧情,历史,古装", 汉语普通话,2018
402,内在美,宋贤旭,"徐玄振,李民基,李多喜,安宰贤,文知茵",7.8,https://movie.douban.com/subject/30269039/, 韩国,"剧情,爱情", 韩语,2018
403,镇魂,"周远舟,谢毅航","白宇,朱一龙,辛鹏,高雨儿,李砚",6.4,https://movie.douban.com/subject/26979097/,,,,[]
404,我的ID是江南美人,崔成范,"林秀香,车银优,赵宇丽,郭东延,朴成根",7.5,https://movie.douban.com/subject/30232208/, 韩国,"剧情,爱情", 韩语,2018
405,忽而今夏,吕赢,"白宇,卜冠今,吕鹏,张书维,杨h",8.2,https://movie.douban.com/subject/27041389/, 中国大陆,剧情, 汉语普通话,2018
406,和平饭店,"李骏,白涛","陈数,雷佳音,李光洁,陶慧,张一龙",7.9,https://movie.douban.com/subject/26828285/, 中国大陆,"剧情,悬疑", 汉语普通话,2018
407,行骗天下JP,"田中亮,金井","长泽雅美,东出昌大,小日向文世,江口洋介,吉濑美智子",8.4,https://movie.douban.com/subject/27605548/, 日本,"剧情,喜剧", 日语,2018
408,我们无法成为野兽,水田伸生,"新垣结衣,松田龙平,田中圭,黑木华,菊地凛子",7.7,https://movie.douban.com/subject/30290917/, 日本,爱情, 日语,2018
409,情色小说家,三木康一郎,"竹财辉之助,猪V健太,七海奈奈,富永勇也,黑崎我",8.2,https://movie.douban.com/subject/30271241/, 日本,"剧情,同性", 日语,2018
410,实习医生格蕾 第十五季,凯文・麦克基德,"艾伦・旁派,贾斯汀・钱伯斯,钱德拉・威尔森,小詹姆斯・皮肯斯,凯文・麦克基德",9.1,https://movie.douban.com/subject/28086682/, 美国,"剧情,爱情", 英语,2018
411,人生删除事务所,"泷本智行,常广丈太","山田孝之,菅田将晖,麻生久美子,桥本爱,野田洋次郎",8.5,https://movie.douban.com/subject/30232260/, 日本,"剧情,犯罪", 日语,2018
412,经常请吃饭的漂亮姐姐,安畔锡,"孙艺珍,丁海寅,李珠英,吴龙,魏河俊",7.7,https://movie.douban.com/subject/27663984/, 韩国,"剧情,爱情", 韩语,2018
413,结爱・千岁大人的初恋,"陈正道,许肇任","宋茜,黄景瑜,徐开骋,李,江奇霖",7.1,https://movie.douban.com/subject/27107131/, 中国大陆,"爱情,奇幻", 汉语普通话,2018
414,火星生活,李政孝,"郑京浩,朴圣雄,高雅星,吴代焕,卢宗贤",9,https://movie.douban.com/subject/27622822/, 韩国,"科幻,悬疑,犯罪", 韩语,2018
415,无耻之徒(美版) 第九季,"马克・米罗,伊恩・B・麦克唐纳,约翰・威尔斯","威廉姆・H・梅西,埃米・罗森,伊森・卡特科斯基,珊诺拉・汉普顿,杰瑞米・艾伦・怀特",9.7,https://movie.douban.com/subject/27194302/, 美国,"剧情,喜剧", 英语,2018
416,傲骨之战 第二季,"吉姆・麦凯,小詹姆斯・惠特摩","克里斯汀・芭伦斯基,库什・珍宝,露丝・莱斯利,萨拉・斯蒂尔,贾斯汀・巴萨",9.5,https://movie.douban.com/subject/26997533/, 美国,剧情, 英语,2018
417,少年犯 第一季,彼得・福特,"亚历克斯・墨菲,克里斯・瓦利,詹妮弗・巴里,希拉里・罗斯,多米尼克・麦克海尔",9.1,https://movie.douban.com/subject/30145148/, 英国 / 爱尔兰,喜剧, 英语,2018
418,天坑鹰猎,"成志超,戴小哲,田少波","王俊凯,文淇,蒋依依,叶筱玮,郑好",7.6,https://movie.douban.com/subject/27119802/, 中国大陆,"剧情,悬疑,冒险", 汉语普通话,2018
419,鬼入侵 第一季,迈克・弗拉纳根,"麦肯娜・格瑞丝,卡拉・古奇诺,米契尔・哈思曼,蒂莫西・赫顿,维奥莱特・麦格劳",8.7,https://movie.douban.com/subject/27016554/, 美国,"悬疑,惊悚,恐怖", 英语,2018
420,加油吧威基基,李昌民,"金正贤,李伊庚,孙承源,郑仁仙,高媛熙",8.6,https://movie.douban.com/subject/27603684/, 韩国,"剧情,喜剧", 韩语,2018
421,内在美,宋贤旭,"徐玄振,李民基,李多喜,安宰贤,文知茵",7.8,https://movie.douban.com/subject/30269039/, 韩国,"剧情,爱情", 韩语,2018
422,镇魂,"周远舟,谢毅航","白宇,朱一龙,辛鹏,高雨儿,李砚",6.4,https://movie.douban.com/subject/26979097/,,,,[]
423,我的ID是江南美人,崔成范,"林秀香,车银优,赵宇丽,郭东延,朴成根",7.5,https://movie.douban.com/subject/30232208/, 韩国,"剧情,爱情", 韩语,2018
424,忽而今夏,吕赢,"白宇,卜冠今,吕鹏,张书维,杨h",8.2,https://movie.douban.com/subject/27041389/, 中国大陆,剧情, 汉语普通话,2018
425,和平饭店,"李骏,白涛","陈数,雷佳音,李光洁,陶慧,张一龙",7.9,https://movie.douban.com/subject/26828285/, 中国大陆,"剧情,悬疑", 汉语普通话,2018
426,行骗天下JP,"田中亮,金井","长泽雅美,东出昌大,小日向文世,江口洋介,吉濑美智子",8.4,https://movie.douban.com/subject/27605548/, 日本,"剧情,喜剧", 日语,2018
427,我们无法成为野兽,水田伸生,"新垣结衣,松田龙平,田中圭,黑木华,菊地凛子",7.7,https://movie.douban.com/subject/30290917/, 日本,爱情, 日语,2018
428,情色小说家,三木康一郎,"竹财辉之助,猪V健太,七海奈奈,富永勇也,黑崎我",8.2,https://movie.douban.com/subject/30271241/, 日本,"剧情,同性", 日语,2018
429,实习医生格蕾 第十五季,凯文・麦克基德,"艾伦・旁派,贾斯汀・钱伯斯,钱德拉・威尔森,小詹姆斯・皮肯斯,凯文・麦克基德",9.1,https://movie.douban.com/subject/28086682/, 美国,"剧情,爱情", 英语,2018
430,人生删除事务所,"泷本智行,常广丈太","山田孝之,菅田将晖,麻生久美子,桥本爱,野田洋次郎",8.5,https://movie.douban.com/subject/30232260/, 日本,"剧情,犯罪", 日语,2018
431,经常请吃饭的漂亮姐姐,安畔锡,"孙艺珍,丁海寅,李珠英,吴龙,魏河俊",7.7,https://movie.douban.com/subject/27663984/, 韩国,"剧情,爱情", 韩语,2018
432,结爱・千岁大人的初恋,"陈正道,许肇任","宋茜,黄景瑜,徐开骋,李,江奇霖",7.1,https://movie.douban.com/subject/27107131/, 中国大陆,"爱情,奇幻", 汉语普通话,2018
433,火星生活,李政孝,"郑京浩,朴圣雄,高雅星,吴代焕,卢宗贤",9,https://movie.douban.com/subject/27622822/, 韩国,"科幻,悬疑,犯罪", 韩语,2018
434,无耻之徒(美版) 第九季,"马克・米罗,伊恩・B・麦克唐纳,约翰・威尔斯","威廉姆・H・梅西,埃米・罗森,伊森・卡特科斯基,珊诺拉・汉普顿,杰瑞米・艾伦・怀特",9.7,https://movie.douban.com/subject/27194302/, 美国,"剧情,喜剧", 英语,2018
435,傲骨之战 第二季,"吉姆・麦凯,小詹姆斯・惠特摩","克里斯汀・芭伦斯基,库什・珍宝,露丝・莱斯利,萨拉・斯蒂尔,贾斯汀・巴萨",9.5,https://movie.douban.com/subject/26997533/, 美国,剧情, 英语,2018
436,少年犯 第一季,彼得・福特,"亚历克斯・墨菲,克里斯・瓦利,詹妮弗・巴里,希拉里・罗斯,多米尼克・麦克海尔",9.1,https://movie.douban.com/subject/30145148/, 英国 / 爱尔兰,喜剧, 英语,2018
437,天坑鹰猎,"成志超,戴小哲,田少波","王俊凯,文淇,蒋依依,叶筱玮,郑好",7.6,https://movie.douban.com/subject/27119802/, 中国大陆,"剧情,悬疑,冒险", 汉语普通话,2018
438,鬼入侵 第一季,迈克・弗拉纳根,"麦肯娜・格瑞丝,卡拉・古奇诺,米契尔・哈思曼,蒂莫西・赫顿,维奥莱特・麦格劳",8.7,https://movie.douban.com/subject/27016554/, 美国,"悬疑,惊悚,恐怖", 英语,2018
439,加油吧威基基,李昌民,"金正贤,李伊庚,孙承源,郑仁仙,高媛熙",8.6,https://movie.douban.com/subject/27603684/, 韩国,"剧情,喜剧", 韩语,2018
440,人不彪悍枉少年,邓科,"侯明昊,万鹏,张耀,代露娃,李明德",7.6,https://movie.douban.com/subject/27615866/, 中国大陆,"剧情,爱情", 汉语普通话,2018
441,镇魂,"周远舟,谢毅航","白宇,朱一龙,辛鹏,高雨儿,李砚",6.4,https://movie.douban.com/subject/26979097/,,,,[]
442,我的ID是江南美人,崔成范,"林秀香,车银优,赵宇丽,郭东延,朴成根",7.5,https://movie.douban.com/subject/30232208/, 韩国,"剧情,爱情", 韩语,2018
443,忽而今夏,吕赢,"白宇,卜冠今,吕鹏,张书维,杨h",8.2,https://movie.douban.com/subject/27041389/, 中国大陆,剧情, 汉语普通话,2018
444,和平饭店,"李骏,白涛","陈数,雷佳音,李光洁,陶慧,张一龙",7.9,https://movie.douban.com/subject/26828285/, 中国大陆,"剧情,悬疑", 汉语普通话,2018
445,行骗天下JP,"田中亮,金井","长泽雅美,东出昌大,小日向文世,江口洋介,吉濑美智子",8.4,https://movie.douban.com/subject/27605548/, 日本,"剧情,喜剧", 日语,2018
446,我们无法成为野兽,水田伸生,"新垣结衣,松田龙平,田中圭,黑木华,菊地凛子",7.7,https://movie.douban.com/subject/30290917/, 日本,爱情, 日语,2018
447,情色小说家,三木康一郎,"竹财辉之助,猪V健太,七海奈奈,富永勇也,黑崎我",8.2,https://movie.douban.com/subject/30271241/, 日本,"剧情,同性", 日语,2018
448,实习医生格蕾 第十五季,凯文・麦克基德,"艾伦・旁派,贾斯汀・钱伯斯,钱德拉・威尔森,小詹姆斯・皮肯斯,凯文・麦克基德",9.1,https://movie.douban.com/subject/28086682/, 美国,"剧情,爱情", 英语,2018
449,人生删除事务所,"泷本智行,常广丈太","山田孝之,菅田将晖,麻生久美子,桥本爱,野田洋次郎",8.5,https://movie.douban.com/subject/30232260/, 日本,"剧情,犯罪", 日语,2018
450,经常请吃饭的漂亮姐姐,安畔锡,"孙艺珍,丁海寅,李珠英,吴龙,魏河俊",7.7,https://movie.douban.com/subject/27663984/, 韩国,"剧情,爱情", 韩语,2018
451,结爱・千岁大人的初恋,"陈正道,许肇任","宋茜,黄景瑜,徐开骋,李,江奇霖",7.1,https://movie.douban.com/subject/27107131/, 中国大陆,"爱情,奇幻", 汉语普通话,2018
452,火星生活,李政孝,"郑京浩,朴圣雄,高雅星,吴代焕,卢宗贤",9,https://movie.douban.com/subject/27622822/, 韩国,"科幻,悬疑,犯罪", 韩语,2018
453,无耻之徒(美版) 第九季,"马克・米罗,伊恩・B・麦克唐纳,约翰・威尔斯","威廉姆・H・梅西,埃米・罗森,伊森・卡特科斯基,珊诺拉・汉普顿,杰瑞米・艾伦・怀特",9.7,https://movie.douban.com/subject/27194302/, 美国,"剧情,喜剧", 英语,2018
454,傲骨之战 第二季,"吉姆・麦凯,小詹姆斯・惠特摩","克里斯汀・芭伦斯基,库什・珍宝,露丝・莱斯利,萨拉・斯蒂尔,贾斯汀・巴萨",9.5,https://movie.douban.com/subject/26997533/, 美国,剧情, 英语,2018
455,少年犯 第一季,彼得・福特,"亚历克斯・墨菲,克里斯・瓦利,詹妮弗・巴里,希拉里・罗斯,多米尼克・麦克海尔",9.1,https://movie.douban.com/subject/30145148/, 英国 / 爱尔兰,喜剧, 英语,2018
456,天坑鹰猎,"成志超,戴小哲,田少波","王俊凯,文淇,蒋依依,叶筱玮,郑好",7.6,https://movie.douban.com/subject/27119802/, 中国大陆,"剧情,悬疑,冒险", 汉语普通话,2018
457,鬼入侵 第一季,迈克・弗拉纳根,"麦肯娜・格瑞丝,卡拉・古奇诺,米契尔・哈思曼,蒂莫西・赫顿,维奥莱特・麦格劳",8.7,https://movie.douban.com/subject/27016554/, 美国,"悬疑,惊悚,恐怖", 英语,2018
458,加油吧威基基,李昌民,"金正贤,李伊庚,孙承源,郑仁仙,高媛熙",8.6,https://movie.douban.com/subject/27603684/, 韩国,"剧情,喜剧", 韩语,2018
459,人不彪悍枉少年,邓科,"侯明昊,万鹏,张耀,代露娃,李明德",7.6,https://movie.douban.com/subject/27615866/, 中国大陆,"剧情,爱情", 汉语普通话,2018
460,名姝 第二季,科奇・吉尔佐,"萨曼莎・莫顿,杰西卡・布朗・芬德利,丽芙・泰勒,莱丝利・曼维尔,布朗温・詹姆斯",8.2,https://movie.douban.com/subject/27099302/, 英国 / 美国,剧情, 英语,2018
461,我的ID是江南美人,崔成范,"林秀香,车银优,赵宇丽,郭东延,朴成根",7.5,https://movie.douban.com/subject/30232208/, 韩国,"剧情,爱情", 韩语,2018
462,忽而今夏,吕赢,"白宇,卜冠今,吕鹏,张书维,杨h",8.2,https://movie.douban.com/subject/27041389/, 中国大陆,剧情, 汉语普通话,2018
463,和平饭店,"李骏,白涛","陈数,雷佳音,李光洁,陶慧,张一龙",7.9,https://movie.douban.com/subject/26828285/, 中国大陆,"剧情,悬疑", 汉语普通话,2018
464,行骗天下JP,"田中亮,金井","长泽雅美,东出昌大,小日向文世,江口洋介,吉濑美智子",8.4,https://movie.douban.com/subject/27605548/, 日本,"剧情,喜剧", 日语,2018
465,我们无法成为野兽,水田伸生,"新垣结衣,松田龙平,田中圭,黑木华,菊地凛子",7.7,https://movie.douban.com/subject/30290917/, 日本,爱情, 日语,2018
466,情色小说家,三木康一郎,"竹财辉之助,猪V健太,七海奈奈,富永勇也,黑崎我",8.2,https://movie.douban.com/subject/30271241/, 日本,"剧情,同性", 日语,2018
467,实习医生格蕾 第十五季,凯文・麦克基德,"艾伦・旁派,贾斯汀・钱伯斯,钱德拉・威尔森,小詹姆斯・皮肯斯,凯文・麦克基德",9.1,https://movie.douban.com/subject/28086682/, 美国,"剧情,爱情", 英语,2018
468,人生删除事务所,"泷本智行,常广丈太","山田孝之,菅田将晖,麻生久美子,桥本爱,野田洋次郎",8.5,https://movie.douban.com/subject/30232260/, 日本,"剧情,犯罪", 日语,2018
469,经常请吃饭的漂亮姐姐,安畔锡,"孙艺珍,丁海寅,李珠英,吴龙,魏河俊",7.7,https://movie.douban.com/subject/27663984/, 韩国,"剧情,爱情", 韩语,2018
470,结爱・千岁大人的初恋,"陈正道,许肇任","宋茜,黄景瑜,徐开骋,李,江奇霖",7.1,https://movie.douban.com/subject/27107131/, 中国大陆,"爱情,奇幻", 汉语普通话,2018
471,火星生活,李政孝,"郑京浩,朴圣雄,高雅星,吴代焕,卢宗贤",9,https://movie.douban.com/subject/27622822/, 韩国,"科幻,悬疑,犯罪", 韩语,2018
472,无耻之徒(美版) 第九季,"马克・米罗,伊恩・B・麦克唐纳,约翰・威尔斯","威廉姆・H・梅西,埃米・罗森,伊森・卡特科斯基,珊诺拉・汉普顿,杰瑞米・艾伦・怀特",9.7,https://movie.douban.com/subject/27194302/, 美国,"剧情,喜剧", 英语,2018
473,傲骨之战 第二季,"吉姆・麦凯,小詹姆斯・惠特摩","克里斯汀・芭伦斯基,库什・珍宝,露丝・莱斯利,萨拉・斯蒂尔,贾斯汀・巴萨",9.5,https://movie.douban.com/subject/26997533/, 美国,剧情, 英语,2018
474,少年犯 第一季,彼得・福特,"亚历克斯・墨菲,克里斯・瓦利,詹妮弗・巴里,希拉里・罗斯,多米尼克・麦克海尔",9.1,https://movie.douban.com/subject/30145148/, 英国 / 爱尔兰,喜剧, 英语,2018
475,天坑鹰猎,"成志超,戴小哲,田少波","王俊凯,文淇,蒋依依,叶筱玮,郑好",7.6,https://movie.douban.com/subject/27119802/, 中国大陆,"剧情,悬疑,冒险", 汉语普通话,2018
476,鬼入侵 第一季,迈克・弗拉纳根,"麦肯娜・格瑞丝,卡拉・古奇诺,米契尔・哈思曼,蒂莫西・赫顿,维奥莱特・麦格劳",8.7,https://movie.douban.com/subject/27016554/, 美国,"悬疑,惊悚,恐怖", 英语,2018
477,加油吧威基基,李昌民,"金正贤,李伊庚,孙承源,郑仁仙,高媛熙",8.6,https://movie.douban.com/subject/27603684/, 韩国,"剧情,喜剧", 韩语,2018
478,人不彪悍枉少年,邓科,"侯明昊,万鹏,张耀,代露娃,李明德",7.6,https://movie.douban.com/subject/27615866/, 中国大陆,"剧情,爱情", 汉语普通话,2018
479,名姝 第二季,科奇・吉尔佐,"萨曼莎・莫顿,杰西卡・布朗・芬德利,丽芙・泰勒,莱丝利・曼维尔,布朗温・詹姆斯",8.2,https://movie.douban.com/subject/27099302/, 英国 / 美国,剧情, 英语,2018
480,9号秘事 第四季,"大卫・科尔,吉姆・奥汉龙,格雷姆・哈珀","杰甘・艾伊,里斯・谢尔史密斯,罗里・金奈尔,比尔・帕特森,玛西娅・沃伦",9.4,https://movie.douban.com/subject/26961208/, 英国,"喜剧,悬疑,惊悚", 英语,2018
481,忽而今夏,吕赢,"白宇,卜冠今,吕鹏,张书维,杨h",8.2,https://movie.douban.com/subject/27041389/, 中国大陆,剧情, 汉语普通话,2018
482,和平饭店,"李骏,白涛","陈数,雷佳音,李光洁,陶慧,张一龙",7.9,https://movie.douban.com/subject/26828285/, 中国大陆,"剧情,悬疑", 汉语普通话,2018
483,行骗天下JP,"田中亮,金井","长泽雅美,东出昌大,小日向文世,江口洋介,吉濑美智子",8.4,https://movie.douban.com/subject/27605548/, 日本,"剧情,喜剧", 日语,2018
484,我们无法成为野兽,水田伸生,"新垣结衣,松田龙平,田中圭,黑木华,菊地凛子",7.7,https://movie.douban.com/subject/30290917/, 日本,爱情, 日语,2018
485,情色小说家,三木康一郎,"竹财辉之助,猪V健太,七海奈奈,富永勇也,黑崎我",8.2,https://movie.douban.com/subject/30271241/, 日本,"剧情,同性", 日语,2018
486,实习医生格蕾 第十五季,凯文・麦克基德,"艾伦・旁派,贾斯汀・钱伯斯,钱德拉・威尔森,小詹姆斯・皮肯斯,凯文・麦克基德",9.1,https://movie.douban.com/subject/28086682/, 美国,"剧情,爱情", 英语,2018
487,人生删除事务所,"泷本智行,常广丈太","山田孝之,菅田将晖,麻生久美子,桥本爱,野田洋次郎",8.5,https://movie.douban.com/subject/30232260/, 日本,"剧情,犯罪", 日语,2018
488,经常请吃饭的漂亮姐姐,安畔锡,"孙艺珍,丁海寅,李珠英,吴龙,魏河俊",7.7,https://movie.douban.com/subject/27663984/, 韩国,"剧情,爱情", 韩语,2018
489,结爱・千岁大人的初恋,"陈正道,许肇任","宋茜,黄景瑜,徐开骋,李,江奇霖",7.1,https://movie.douban.com/subject/27107131/, 中国大陆,"爱情,奇幻", 汉语普通话,2018
490,火星生活,李政孝,"郑京浩,朴圣雄,高雅星,吴代焕,卢宗贤",9,https://movie.douban.com/subject/27622822/, 韩国,"科幻,悬疑,犯罪", 韩语,2018
491,无耻之徒(美版) 第九季,"马克・米罗,伊恩・B・麦克唐纳,约翰・威尔斯","威廉姆・H・梅西,埃米・罗森,伊森・卡特科斯基,珊诺拉・汉普顿,杰瑞米・艾伦・怀特",9.7,https://movie.douban.com/subject/27194302/, 美国,"剧情,喜剧", 英语,2018
492,傲骨之战 第二季,"吉姆・麦凯,小詹姆斯・惠特摩","克里斯汀・芭伦斯基,库什・珍宝,露丝・莱斯利,萨拉・斯蒂尔,贾斯汀・巴萨",9.5,https://movie.douban.com/subject/26997533/, 美国,剧情, 英语,2018
493,少年犯 第一季,彼得・福特,"亚历克斯・墨菲,克里斯・瓦利,詹妮弗・巴里,希拉里・罗斯,多米尼克・麦克海尔",9.1,https://movie.douban.com/subject/30145148/, 英国 / 爱尔兰,喜剧, 英语,2018
494,天坑鹰猎,"成志超,戴小哲,田少波","王俊凯,文淇,蒋依依,叶筱玮,郑好",7.6,https://movie.douban.com/subject/27119802/, 中国大陆,"剧情,悬疑,冒险", 汉语普通话,2018
495,鬼入侵 第一季,迈克・弗拉纳根,"麦肯娜・格瑞丝,卡拉・古奇诺,米契尔・哈思曼,蒂莫西・赫顿,维奥莱特・麦格劳",8.7,https://movie.douban.com/subject/27016554/, 美国,"悬疑,惊悚,恐怖", 英语,2018
496,加油吧威基基,李昌民,"金正贤,李伊庚,孙承源,郑仁仙,高媛熙",8.6,https://movie.douban.com/subject/27603684/, 韩国,"剧情,喜剧", 韩语,2018
497,人不彪悍枉少年,邓科,"侯明昊,万鹏,张耀,代露娃,李明德",7.6,https://movie.douban.com/subject/27615866/, 中国大陆,"剧情,爱情", 汉语普通话,2018
498,名姝 第二季,科奇・吉尔佐,"萨曼莎・莫顿,杰西卡・布朗・芬德利,丽芙・泰勒,莱丝利・曼维尔,布朗温・詹姆斯",8.2,https://movie.douban.com/subject/27099302/, 英国 / 美国,剧情, 英语,2018
499,9号秘事 第四季,"大卫・科尔,吉姆・奥汉龙,格雷姆・哈珀","杰甘・艾伊,里斯・谢尔史密斯,罗里・金奈尔,比尔・帕特森,玛西娅・沃伦",9.4,https://movie.douban.com/subject/26961208/, 英国,"喜剧,悬疑,惊悚", 英语,2018
500,阿尔罕布拉宫的回忆,安吉镐,"玄彬,朴信惠,朴勋,朴灿烈,韩宝凛",7.7,https://movie.douban.com/subject/27603700/, 韩国,"爱情,奇幻", 韩语,2018
